Year,Age,Sex,Country,Population
2020,  0-4,Total,United Kingdom,3782330.0
2020,  5-9,Total,United Kingdom,4147412.9999999995
2020, 10-14,Total,United Kingdom,4045114.0
2020, 15-19,Total,United Kingdom,3683680.0
2020, 20-24,Total,United Kingdom,4133158.0000000005
2020, 25-29,Total,United Kingdom,4476630.0
2020, 30-34,Total,United Kingdom,4521975.0
2020, 35-39,Total,United Kingdom,4404100.0
2020, 40-44,Total,United Kingdom,4091543.0
2020, 45-49,Total,United Kingdom,4303967.0
2020, 50-54,Total,United Kingdom,4616017.0
2020, 55-59,Total,United Kingdom,4510851.0
2020, 60-64,Total,United Kingdom,3855818.0
2020, 65-69,Total,United Kingdom,3355381.0
2020, 70-74,Total,United Kingdom,3363906.0
2020, 75-79,Total,United Kingdom,2403759.0
2020, 80-84,Total,United Kingdom,1726223.0
2020, 85-89,Total,United Kingdom,1049866.0
2020, 90-94,Total,United Kingdom,470674.0
2020, 95-99,Total,United Kingdom,123708.0
2020, 100 & over,Total,United Kingdom,15121.0
2020,All ages,Total,United Kingdom,67081234.0
2021,  0-4,Total,United Kingdom,3668204.0
2021,  5-9,Total,United Kingdom,4130435.0000000005
2021, 10-14,Total,United Kingdom,4122551.0000000005
2021, 15-19,Total,United Kingdom,3746179.0
2021, 20-24,Total,United Kingdom,4071970.0
2021, 25-29,Total,United Kingdom,4409227.0
2021, 30-34,Total,United Kingdom,4552210.0
2021, 35-39,Total,United Kingdom,4410866.0
2021, 40-44,Total,United Kingdom,4176203.9999999995
2021, 45-49,Total,United Kingdom,4170218.0
2021, 50-54,Total,United Kingdom,4598996.0
2021, 55-59,Total,United Kingdom,4573602.0
2021, 60-64,Total,United Kingdom,3964914.0
2021, 65-69,Total,United Kingdom,3384274.0
2021, 70-74,Total,United Kingdom,3379444.0
2021, 75-79,Total,United Kingdom,2515864.0
2021, 80-84,Total,United Kingdom,1717141.0
2021, 85-89,Total,United Kingdom,1066014.0
2021, 90-94,Total,United Kingdom,480191.0
2021, 95-99,Total,United Kingdom,124991.0
2021, 100 & over,Total,United Kingdom,16187.999999999998
2021,All ages,Total,United Kingdom,67279683.0
2022,  0-4,Total,United Kingdom,3586572.0
2022,  5-9,Total,United Kingdom,4094991.0
2022, 10-14,Total,United Kingdom,4211899.0
2022, 15-19,Total,United Kingdom,3878069.0
2022, 20-24,Total,United Kingdom,4063918.0
2022, 25-29,Total,United Kingdom,4418987.0
2022, 30-34,Total,United Kingdom,4605719.0
2022, 35-39,Total,United Kingdom,4437422.0
2022, 40-44,Total,United Kingdom,4283189.0
2022, 45-49,Total,United Kingdom,4062757.0
2022, 50-54,Total,United Kingdom,4561608.0
2022, 55-59,Total,United Kingdom,4615897.0
2022, 60-64,Total,United Kingdom,4083869.0
2022, 65-69,Total,United Kingdom,3450059.0
2022, 70-74,Total,United Kingdom,3231215.0
2022, 75-79,Total,United Kingdom,2750045.0
2022, 80-84,Total,United Kingdom,1736868.0
2022, 85-89,Total,United Kingdom,1087238.0
2022, 90-94,Total,United Kingdom,487959.0
2022, 95-99,Total,United Kingdom,126649.0
2022, 100 & over,Total,United Kingdom,16507.0
2022,All ages,Total,United Kingdom,67791437.0
2023,  0-4,Total,United Kingdom,3503036.0
2023,  5-9,Total,United Kingdom,4053596.0
2023, 10-14,Total,United Kingdom,4239289.0
2023, 15-19,Total,United Kingdom,4001699.0
2023, 20-24,Total,United Kingdom,4036998.0
2023, 25-29,Total,United Kingdom,4412180.0
2023, 30-34,Total,United Kingdom,4597276.0
2023, 35-39,Total,United Kingdom,4478428.0
2023, 40-44,Total,United Kingdom,4371551.0
2023, 45-49,Total,United Kingdom,3999351.0
2023, 50-54,Total,United Kingdom,4495110.0
2023, 55-59,Total,United Kingdom,4624279.0
2023, 60-64,Total,United Kingdom,4192825.0
2023, 65-69,Total,United Kingdom,3524310.0
2023, 70-74,Total,United Kingdom,3163209.0
2023, 75-79,Total,United Kingdom,2878920.0
2023, 80-84,Total,United Kingdom,1791832.0
2023, 85-89,Total,United Kingdom,1117197.0
2023, 90-94,Total,United Kingdom,495179.0
2023, 95-99,Total,United Kingdom,129436.0
2023, 100 & over,Total,United Kingdom,16774.0
2023,All ages,Total,United Kingdom,68122475.0
2024,  0-4,Total,United Kingdom,3443018.0
2024,  5-9,Total,United Kingdom,4003779.0
2024, 10-14,Total,United Kingdom,4254332.0
2024, 15-19,Total,United Kingdom,4098666.0
2024, 20-24,Total,United Kingdom,4027918.0
2024, 25-29,Total,United Kingdom,4400603.0
2024, 30-34,Total,United Kingdom,4596415.0
2024, 35-39,Total,United Kingdom,4518999.0
2024, 40-44,Total,United Kingdom,4397447.0
2024, 45-49,Total,United Kingdom,4027483.0
2024, 50-54,Total,United Kingdom,4393475.0
2024, 55-59,Total,United Kingdom,4613347.0
2024, 60-64,Total,United Kingdom,4305570.0
2024, 65-69,Total,United Kingdom,3606126.0
2024, 70-74,Total,United Kingdom,3140771.0
2024, 75-79,Total,United Kingdom,2939621.0
2024, 80-84,Total,United Kingdom,1869199.0
2024, 85-89,Total,United Kingdom,1145130.0
2024, 90-94,Total,United Kingdom,501856.0
2024, 95-99,Total,United Kingdom,133368.0
2024, 100 & over,Total,United Kingdom,17049.0
2024,All ages,Total,United Kingdom,68434172.0
2025,  0-4,Total,United Kingdom,3404668.0
2025,  5-9,Total,United Kingdom,3932537.0
2025, 10-14,Total,United Kingdom,4253970.0
2025, 15-19,Total,United Kingdom,4190332.0000000005
2025, 20-24,Total,United Kingdom,4045880.0
2025, 25-29,Total,United Kingdom,4390105.0
2025, 30-34,Total,United Kingdom,4565358.0
2025, 35-39,Total,United Kingdom,4547242.0
2025, 40-44,Total,United Kingdom,4410269.0
2025, 45-49,Total,United Kingdom,4103448.9999999995
2025, 50-54,Total,United Kingdom,4300350.0
2025, 55-59,Total,United Kingdom,4572031.0
2025, 60-64,Total,United Kingdom,4410457.0
2025, 65-69,Total,United Kingdom,3706280.0
2025, 70-74,Total,United Kingdom,3134624.0
2025, 75-79,Total,United Kingdom,2982761.0
2025, 80-84,Total,United Kingdom,1943030.0
2025, 85-89,Total,United Kingdom,1161085.0
2025, 90-94,Total,United Kingdom,512152.00000000006
2025, 95-99,Total,United Kingdom,138666.0
2025, 100 & over,Total,United Kingdom,17401.0
2025,All ages,Total,United Kingdom,68722647.0
2026,  0-4,Total,United Kingdom,3394142.0
2026,  5-9,Total,United Kingdom,3823003.0
2026, 10-14,Total,United Kingdom,4239508.0
2026, 15-19,Total,United Kingdom,4267142.0
2026, 20-24,Total,United Kingdom,4103042.9999999995
2026, 25-29,Total,United Kingdom,4356582.0
2026, 30-34,Total,United Kingdom,4523031.0
2026, 35-39,Total,United Kingdom,4592376.0
2026, 40-44,Total,United Kingdom,4425719.0
2026, 45-49,Total,United Kingdom,4192747.9999999995
2026, 50-54,Total,United Kingdom,4172298.0
2026, 55-59,Total,United Kingdom,4559301.0
2026, 60-64,Total,United Kingdom,4475239.0
2026, 65-69,Total,United Kingdom,3814918.0
2026, 70-74,Total,United Kingdom,3166016.0
2026, 75-79,Total,United Kingdom,2998703.0
2026, 80-84,Total,United Kingdom,2037758.0
2026, 85-89,Total,United Kingdom,1158562.0
2026, 90-94,Total,United Kingdom,524931.0
2026, 95-99,Total,United Kingdom,142799.0
2026, 100 & over,Total,United Kingdom,17838.0
2026,All ages,Total,United Kingdom,68985657.0
2027,  0-4,Total,United Kingdom,3390805.0
2027,  5-9,Total,United Kingdom,3719969.0
2027, 10-14,Total,United Kingdom,4189746.0
2027, 15-19,Total,United Kingdom,4339856.0
2027, 20-24,Total,United Kingdom,4193353.0
2027, 25-29,Total,United Kingdom,4293551.0
2027, 30-34,Total,United Kingdom,4501352.0
2027, 35-39,Total,United Kingdom,4629106.0
2027, 40-44,Total,United Kingdom,4441962.0
2027, 45-49,Total,United Kingdom,4289541.0
2027, 50-54,Total,United Kingdom,4058397.0
2027, 55-59,Total,United Kingdom,4516965.0
2027, 60-64,Total,United Kingdom,4513130.0
2027, 65-69,Total,United Kingdom,3926606.0
2027, 70-74,Total,United Kingdom,3227201.0
2027, 75-79,Total,United Kingdom,2872354.0
2027, 80-84,Total,United Kingdom,2235980.0
2027, 85-89,Total,United Kingdom,1177712.0
2027, 90-94,Total,United Kingdom,540051.0
2027, 95-99,Total,United Kingdom,146471.0
2027, 100 & over,Total,United Kingdom,18301.0
2027,All ages,Total,United Kingdom,69222409.0
2028,  0-4,Total,United Kingdom,3389835.0
2028,  5-9,Total,United Kingdom,3630296.0
2028, 10-14,Total,United Kingdom,4144162.0000000005
2028, 15-19,Total,United Kingdom,4361911.0
2028, 20-24,Total,United Kingdom,4302540.0
2028, 25-29,Total,United Kingdom,4254457.0
2028, 30-34,Total,United Kingdom,4489379.0
2028, 35-39,Total,United Kingdom,4618364.0
2028, 40-44,Total,United Kingdom,4481232.0
2028, 45-49,Total,United Kingdom,4375017.0
2028, 50-54,Total,United Kingdom,3993969.0
2028, 55-59,Total,United Kingdom,4450470.0
2028, 60-64,Total,United Kingdom,4520968.0
2028, 65-69,Total,United Kingdom,4031290.0
2028, 70-74,Total,United Kingdom,3297771.0
2028, 75-79,Total,United Kingdom,2815797.0
2028, 80-84,Total,United Kingdom,2344439.0
2028, 85-89,Total,United Kingdom,1221735.0
2028, 90-94,Total,United Kingdom,557760.0
2028, 95-99,Total,United Kingdom,149172.0
2028, 100 & over,Total,United Kingdom,18768.0
2028,All ages,Total,United Kingdom,69449332.0
2029,  0-4,Total,United Kingdom,3384582.0
2029,  5-9,Total,United Kingdom,3565410.0
2029, 10-14,Total,United Kingdom,4091221.0
2029, 15-19,Total,United Kingdom,4373230.0
2029, 20-24,Total,United Kingdom,4389379.0
2029, 25-29,Total,United Kingdom,4235524.0
2029, 30-34,Total,United Kingdom,4473731.0
2029, 35-39,Total,United Kingdom,4615642.0
2029, 40-44,Total,United Kingdom,4520460.0
2029, 45-49,Total,United Kingdom,4399190.0
2029, 50-54,Total,United Kingdom,4020535.0
2029, 55-59,Total,United Kingdom,4349882.0
2029, 60-64,Total,United Kingdom,4510503.0
2029, 65-69,Total,United Kingdom,4139888.0
2029, 70-74,Total,United Kingdom,3375619.0
2029, 75-79,Total,United Kingdom,2799134.0
2029, 80-84,Total,United Kingdom,2395817.0
2029, 85-89,Total,United Kingdom,1281368.0
2029, 90-94,Total,United Kingdom,573884.0
2029, 95-99,Total,United Kingdom,152066.0
2029, 100 & over,Total,United Kingdom,19446.0
2029,All ages,Total,United Kingdom,69666511.0
2030,  0-4,Total,United Kingdom,3378109.0
2030,  5-9,Total,United Kingdom,3523667.0
2030, 10-14,Total,United Kingdom,4017920.0
2030, 15-19,Total,United Kingdom,4370512.0
2030, 20-24,Total,United Kingdom,4474855.0
2030, 25-29,Total,United Kingdom,4246582.0
2030, 30-34,Total,United Kingdom,4460459.0
2030, 35-39,Total,United Kingdom,4583483.0
2030, 40-44,Total,United Kingdom,4547934.0
2030, 45-49,Total,United Kingdom,4411045.0
2030, 50-54,Total,United Kingdom,4094969.0
2030, 55-59,Total,United Kingdom,4258067.0
2030, 60-64,Total,United Kingdom,4470864.0
2030, 65-69,Total,United Kingdom,4241173.0
2030, 70-74,Total,United Kingdom,3470606.0
2030, 75-79,Total,United Kingdom,2796414.0
2030, 80-84,Total,United Kingdom,2430560.0
2030, 85-89,Total,United Kingdom,1336138.0
2030, 90-94,Total,United Kingdom,583740.0
2030, 95-99,Total,United Kingdom,156694.0
2030, 100 & over,Total,United Kingdom,20380.0
2030,All ages,Total,United Kingdom,69874171.0
2031,  0-4,Total,United Kingdom,3373607.0
2031,  5-9,Total,United Kingdom,3511419.0
2031, 10-14,Total,United Kingdom,3907345.0
2031, 15-19,Total,United Kingdom,4354947.0
2031, 20-24,Total,United Kingdom,4548874.0
2031, 25-29,Total,United Kingdom,4300028.0
2031, 30-34,Total,United Kingdom,4425499.0
2031, 35-39,Total,United Kingdom,4540720.0
2031, 40-44,Total,United Kingdom,4592539.0
2031, 45-49,Total,United Kingdom,4426045.0
2031, 50-54,Total,United Kingdom,4183015.9999999995
2031, 55-59,Total,United Kingdom,4132591.0000000005
2031, 60-64,Total,United Kingdom,4459485.0
2031, 65-69,Total,United Kingdom,4304458.0
2031, 70-74,Total,United Kingdom,3574116.0
2031, 75-79,Total,United Kingdom,2827248.0
2031, 80-84,Total,United Kingdom,2442100.0
2031, 85-89,Total,United Kingdom,1402423.0
2031, 90-94,Total,United Kingdom,583294.0
2031, 95-99,Total,United Kingdom,162004.0
2031, 100 & over,Total,United Kingdom,21102.0
2031,All ages,Total,United Kingdom,70072860.0
2032,  0-4,Total,United Kingdom,3371545.0
2032,  5-9,Total,United Kingdom,3508116.0
2032, 10-14,Total,United Kingdom,3804365.0
2032, 15-19,Total,United Kingdom,4305258.0
2032, 20-24,Total,United Kingdom,4621625.0
2032, 25-29,Total,United Kingdom,4390319.0
2032, 30-34,Total,United Kingdom,4362738.0
2032, 35-39,Total,United Kingdom,4519289.0
2032, 40-44,Total,United Kingdom,4629157.0
2032, 45-49,Total,United Kingdom,4442332.0
2032, 50-54,Total,United Kingdom,4278937.0
2032, 55-59,Total,United Kingdom,4021531.0
2032, 60-64,Total,United Kingdom,4419596.0
2032, 65-69,Total,United Kingdom,4342437.0
2032, 70-74,Total,United Kingdom,3680987.0
2032, 75-79,Total,United Kingdom,2884825.0
2032, 80-84,Total,United Kingdom,2345980.0
2032, 85-89,Total,United Kingdom,1548186.0
2032, 90-94,Total,United Kingdom,596394.0
2032, 95-99,Total,United Kingdom,167982.0
2032, 100 & over,Total,United Kingdom,21748.0
2032,All ages,Total,United Kingdom,70263347.0
2033,  0-4,Total,United Kingdom,3372014.0
2033,  5-9,Total,United Kingdom,3507175.0
2033, 10-14,Total,United Kingdom,3714736.0
2033, 15-19,Total,United Kingdom,4259744.0
2033, 20-24,Total,United Kingdom,4643766.0
2033, 25-29,Total,United Kingdom,4499447.0
2033, 30-34,Total,United Kingdom,4323876.0
2033, 35-39,Total,United Kingdom,4507507.0
2033, 40-44,Total,United Kingdom,4618589.0
2033, 45-49,Total,United Kingdom,4481475.0
2033, 50-54,Total,United Kingdom,4363652.0
2033, 55-59,Total,United Kingdom,3959078.0
2033, 60-64,Total,United Kingdom,4356010.0
2033, 65-69,Total,United Kingdom,4351658.0
2033, 70-74,Total,United Kingdom,3781522.0
2033, 75-79,Total,United Kingdom,2951469.0
2033, 80-84,Total,United Kingdom,2305973.0
2033, 85-89,Total,United Kingdom,1627393.0
2033, 90-94,Total,United Kingdom,624252.0
2033, 95-99,Total,United Kingdom,174546.0
2033, 100 & over,Total,United Kingdom,22237.0
2033,All ages,Total,United Kingdom,70446119.0
2034,  0-4,Total,United Kingdom,3375172.0
2034,  5-9,Total,United Kingdom,3501958.0
2034, 10-14,Total,United Kingdom,3649888.0
2034, 15-19,Total,United Kingdom,4206867.0
2034, 20-24,Total,United Kingdom,4655162.0
2034, 25-29,Total,United Kingdom,4586265.0
2034, 30-34,Total,United Kingdom,4305135.0
2034, 35-39,Total,United Kingdom,4492072.0
2034, 40-44,Total,United Kingdom,4616015.0
2034, 45-49,Total,United Kingdom,4520543.0
2034, 50-54,Total,United Kingdom,4387896.0
2034, 55-59,Total,United Kingdom,3986096.0
2034, 60-64,Total,United Kingdom,4259195.0
2034, 65-69,Total,United Kingdom,4343520.0
2034, 70-74,Total,United Kingdom,3885718.0
2034, 75-79,Total,United Kingdom,3024586.0
2034, 80-84,Total,United Kingdom,2297798.0
2034, 85-89,Total,United Kingdom,1664546.0
2034, 90-94,Total,United Kingdom,660232.0
2034, 95-99,Total,United Kingdom,180377.0
2034, 100 & over,Total,United Kingdom,22845.0
2034,All ages,Total,United Kingdom,70621886.0
2035,  0-4,Total,United Kingdom,3381474.0
2035,  5-9,Total,United Kingdom,3495517.0
2035, 10-14,Total,United Kingdom,3608175.0
2035, 15-19,Total,United Kingdom,4133639.0
2035, 20-24,Total,United Kingdom,4652531.0
2035, 25-29,Total,United Kingdom,4671726.0
2035, 30-34,Total,United Kingdom,4316321.0
2035, 35-39,Total,United Kingdom,4478974.0
2035, 40-44,Total,United Kingdom,4584192.0
2035, 45-49,Total,United Kingdom,4547987.0
2035, 50-54,Total,United Kingdom,4400057.0
2035, 55-59,Total,United Kingdom,4060221.0
2035, 60-64,Total,United Kingdom,4170853.0
2035, 65-69,Total,United Kingdom,4307407.0
2035, 70-74,Total,United Kingdom,3982912.0
2035, 75-79,Total,United Kingdom,3112669.0
2035, 80-84,Total,United Kingdom,2300184.0
2035, 85-89,Total,United Kingdom,1687552.0
2035, 90-94,Total,United Kingdom,691507.0
2035, 95-99,Total,United Kingdom,184102.0
2035, 100 & over,Total,United Kingdom,23832.0
2035,All ages,Total,United Kingdom,70791832.0
2036,  0-4,Total,United Kingdom,3392211.0
2036,  5-9,Total,United Kingdom,3491043.0
2036, 10-14,Total,United Kingdom,3595947.0
2036, 15-19,Total,United Kingdom,4023157.0
2036, 20-24,Total,United Kingdom,4637071.0
2036, 25-29,Total,United Kingdom,4745747.0
2036, 30-34,Total,United Kingdom,4369794.0
2036, 35-39,Total,United Kingdom,4444288.0
2036, 40-44,Total,United Kingdom,4541884.0
2036, 45-49,Total,United Kingdom,4592462.0
2036, 50-54,Total,United Kingdom,4415334.0
2036, 55-59,Total,United Kingdom,4147611.0
2036, 60-64,Total,United Kingdom,4049984.0
2036, 65-69,Total,United Kingdom,4298543.0
2036, 70-74,Total,United Kingdom,4044588.0
2036, 75-79,Total,United Kingdom,3208979.0
2036, 80-84,Total,United Kingdom,2330253.0
2036, 85-89,Total,United Kingdom,1693669.0
2036, 90-94,Total,United Kingdom,726722.0
2036, 95-99,Total,United Kingdom,184118.0
2036, 100 & over,Total,United Kingdom,24872.0
2036,All ages,Total,United Kingdom,70958277.0
2037,  0-4,Total,United Kingdom,3408552.0
2037,  5-9,Total,United Kingdom,3489008.0
2037, 10-14,Total,United Kingdom,3592652.0
2037, 15-19,Total,United Kingdom,3920257.0
2037, 20-24,Total,United Kingdom,4587522.0
2037, 25-29,Total,United Kingdom,4818507.0
2037, 30-34,Total,United Kingdom,4460016.0
2037, 35-39,Total,United Kingdom,4381893.0
2037, 40-44,Total,United Kingdom,4520812.0
2037, 45-49,Total,United Kingdom,4628972.0
2037, 50-54,Total,United Kingdom,4431878.0
2037, 55-59,Total,United Kingdom,4242582.0
2037, 60-64,Total,United Kingdom,3943154.0
2037, 65-69,Total,United Kingdom,4262212.0
2037, 70-74,Total,United Kingdom,4082707.0
2037, 75-79,Total,United Kingdom,3308724.0
2037, 80-84,Total,United Kingdom,2382437.0
2037, 85-89,Total,United Kingdom,1635147.0
2037, 90-94,Total,United Kingdom,810672.0
2037, 95-99,Total,United Kingdom,189923.0
2037, 100 & over,Total,United Kingdom,25988.0
2037,All ages,Total,United Kingdom,71123615.0
2038,  0-4,Total,United Kingdom,3430587.0
2038,  5-9,Total,United Kingdom,3489500.0
2038, 10-14,Total,United Kingdom,3591731.0
2038, 15-19,Total,United Kingdom,3830701.0
2038, 20-24,Total,United Kingdom,4542132.0
2038, 25-29,Total,United Kingdom,4840720.0
2038, 30-34,Total,United Kingdom,4569040.0
2038, 35-39,Total,United Kingdom,4343325.0
2038, 40-44,Total,United Kingdom,4509310.0
2038, 45-49,Total,United Kingdom,4618705.0
2038, 50-54,Total,United Kingdom,4471041.0
2038, 55-59,Total,United Kingdom,4326474.0
2038, 60-64,Total,United Kingdom,3883677.0
2038, 65-69,Total,United Kingdom,4202860.0
2038, 70-74,Total,United Kingdom,4093910.0
2038, 75-79,Total,United Kingdom,3403076.0
2038, 80-84,Total,United Kingdom,2443115.0
2038, 85-89,Total,United Kingdom,1615116.0
2038, 90-94,Total,United Kingdom,855154.0
2038, 95-99,Total,United Kingdom,201510.0
2038, 100 & over,Total,United Kingdom,27154.0
2038,All ages,Total,United Kingdom,71288838.0
2039,  0-4,Total,United Kingdom,3457876.0
2039,  5-9,Total,United Kingdom,3492677.0
2039, 10-14,Total,United Kingdom,3586536.0
2039, 15-19,Total,United Kingdom,3765914.0
2039, 20-24,Total,United Kingdom,4489372.0
2039, 25-29,Total,United Kingdom,4852201.0
2039, 30-34,Total,United Kingdom,4655792.0
2039, 35-39,Total,United Kingdom,4324838.0
2039, 40-44,Total,United Kingdom,4494184.0
2039, 45-49,Total,United Kingdom,4616414.0
2039, 50-54,Total,United Kingdom,4510073.0
2039, 55-59,Total,United Kingdom,4351020.0
2039, 60-64,Total,United Kingdom,3911492.0
2039, 65-69,Total,United Kingdom,4111529.0000000005
2039, 70-74,Total,United Kingdom,4089106.0
2039, 75-79,Total,United Kingdom,3500694.0
2039, 80-84,Total,United Kingdom,2509096.0
2039, 85-89,Total,United Kingdom,1616531.0
2039, 90-94,Total,United Kingdom,875340.0
2039, 95-99,Total,United Kingdom,215684.0
2039, 100 & over,Total,United Kingdom,28177.0
2039,All ages,Total,United Kingdom,71454546.0
2040,  0-4,Total,United Kingdom,3489423.0
2040,  5-9,Total,United Kingdom,3499003.0
2040, 10-14,Total,United Kingdom,3580108.0
2040, 15-19,Total,United Kingdom,3724250.0
2040, 20-24,Total,United Kingdom,4416275.0
2040, 25-29,Total,United Kingdom,4849665.0
2040, 30-34,Total,United Kingdom,4741194.0
2040, 35-39,Total,United Kingdom,4336177.0
2040, 40-44,Total,United Kingdom,4481349.0
2040, 45-49,Total,United Kingdom,4585137.0
2040, 50-54,Total,United Kingdom,4537673.0
2040, 55-59,Total,United Kingdom,4363827.0
2040, 60-64,Total,United Kingdom,3985266.0
2040, 65-69,Total,United Kingdom,4028253.0
2040, 70-74,Total,United Kingdom,4058036.0
2040, 75-79,Total,United Kingdom,3591753.0
2040, 80-84,Total,United Kingdom,2586854.0
2040, 85-89,Total,United Kingdom,1624395.0
2040, 90-94,Total,United Kingdom,886475.0
2040, 95-99,Total,United Kingdom,227121.0
2040, 100 & over,Total,United Kingdom,28882.0
2040,All ages,Total,United Kingdom,71621116.0
2041,  0-4,Total,United Kingdom,3522450.0
2041,  5-9,Total,United Kingdom,3509752.0
2041, 10-14,Total,United Kingdom,3575652.0
2041, 15-19,Total,United Kingdom,3712062.0
2041, 20-24,Total,United Kingdom,4305952.0
2041, 25-29,Total,United Kingdom,4834321.0
2041, 30-34,Total,United Kingdom,4815174.0
2041, 35-39,Total,United Kingdom,4389675.0
2041, 40-44,Total,United Kingdom,4447053.0
2041, 45-49,Total,United Kingdom,4543544.0
2041, 50-54,Total,United Kingdom,4582135.0
2041, 55-59,Total,United Kingdom,4379691.0
2041, 60-64,Total,United Kingdom,4071774.0
2041, 65-69,Total,United Kingdom,3914037.0
2041, 70-74,Total,United Kingdom,4052774.0
2041, 75-79,Total,United Kingdom,3650923.0
2041, 80-84,Total,United Kingdom,2672297.0
2041, 85-89,Total,United Kingdom,1652113.0
2041, 90-94,Total,United Kingdom,888765.0
2041, 95-99,Total,United Kingdom,239117.0
2041, 100 & over,Total,United Kingdom,28936.0
2041,All ages,Total,United Kingdom,71788197.0
2042,  0-4,Total,United Kingdom,3553843.0
2042,  5-9,Total,United Kingdom,3526102.0
2042, 10-14,Total,United Kingdom,3573634.0
2042, 15-19,Total,United Kingdom,3708789.0
2042, 20-24,Total,United Kingdom,4203209.0
2042, 25-29,Total,United Kingdom,4784925.0
2042, 30-34,Total,United Kingdom,4887913.0
2042, 35-39,Total,United Kingdom,4479782.0
2042, 40-44,Total,United Kingdom,4385220.0
2042, 45-49,Total,United Kingdom,4523023.0
2042, 50-54,Total,United Kingdom,4618673.0
2042, 55-59,Total,United Kingdom,4396766.0
2042, 60-64,Total,United Kingdom,4165415.0
2042, 65-69,Total,United Kingdom,3813302.0
2042, 70-74,Total,United Kingdom,4021523.0
2042, 75-79,Total,United Kingdom,3689102.0
2042, 80-84,Total,United Kingdom,2761203.0
2042, 85-89,Total,United Kingdom,1695767.0
2042, 90-94,Total,United Kingdom,865215.0
2042, 95-99,Total,United Kingdom,271430.0
2042, 100 & over,Total,United Kingdom,30272.0
2042,All ages,Total,United Kingdom,71955108.0
2043,  0-4,Total,United Kingdom,3582358.0
2043,  5-9,Total,United Kingdom,3548145.0
2043, 10-14,Total,United Kingdom,3574137.0
2043, 15-19,Total,United Kingdom,3707896.0
2043, 20-24,Total,United Kingdom,4113787.9999999995
2043, 25-29,Total,United Kingdom,4739676.0
2043, 30-34,Total,United Kingdom,4910201.0
2043, 35-39,Total,United Kingdom,4588631.0
2043, 40-44,Total,United Kingdom,4347111.0
2043, 45-49,Total,United Kingdom,4511972.0
2043, 50-54,Total,United Kingdom,4608981.0
2043, 55-59,Total,United Kingdom,4436131.0
2043, 60-64,Total,United Kingdom,4248153.0
2043, 65-69,Total,United Kingdom,3758110.0
2043, 70-74,Total,United Kingdom,3968207.0
2043, 75-79,Total,United Kingdom,3703057.0
2043, 80-84,Total,United Kingdom,2846024.0
2043, 85-89,Total,United Kingdom,1746706.0
2043, 90-94,Total,United Kingdom,861911.0
2043, 95-99,Total,United Kingdom,287528.0
2043, 100 & over,Total,United Kingdom,32729.999999999996
2043,All ages,Total,United Kingdom,72121453.0
2044,  0-4,Total,United Kingdom,3607013.0
2044,  5-9,Total,United Kingdom,3575431.0
2044, 10-14,Total,United Kingdom,3577325.0
2044, 15-19,Total,United Kingdom,3702725.0
2044, 20-24,Total,United Kingdom,4049123.0
2044, 25-29,Total,United Kingdom,4687060.0
2044, 30-34,Total,United Kingdom,4921762.0
2044, 35-39,Total,United Kingdom,4675284.0
2044, 40-44,Total,United Kingdom,4329001.0
2044, 45-49,Total,United Kingdom,4497351.0
2044, 50-54,Total,United Kingdom,4607197.0
2044, 55-59,Total,United Kingdom,4475276.0
2044, 60-64,Total,United Kingdom,4273185.0
2044, 65-69,Total,United Kingdom,3787051.0
2044, 70-74,Total,United Kingdom,3884673.0
2044, 75-79,Total,United Kingdom,3703011.0
2044, 80-84,Total,United Kingdom,2933530.0
2044, 85-89,Total,United Kingdom,1801284.0
2044, 90-94,Total,United Kingdom,869517.0
2044, 95-99,Total,United Kingdom,294305.0
2044, 100 & over,Total,United Kingdom,35524.0
2044,All ages,Total,United Kingdom,72286628.0
2045,  0-4,Total,United Kingdom,3625898.0
2045,  5-9,Total,United Kingdom,3606983.0
2045, 10-14,Total,United Kingdom,3583656.0
2045, 15-19,Total,United Kingdom,3696317.0
2045, 20-24,Total,United Kingdom,4007549.0
2045, 25-29,Total,United Kingdom,4614130.0
2045, 30-34,Total,United Kingdom,4919337.0
2045, 35-39,Total,United Kingdom,4760585.0
2045, 40-44,Total,United Kingdom,4340598.0
2045, 45-49,Total,United Kingdom,4484954.0
2045, 50-54,Total,United Kingdom,4576770.0
2045, 55-59,Total,United Kingdom,4503218.0
2045, 60-64,Total,United Kingdom,4286989.0
2045, 65-69,Total,United Kingdom,3860312.0
2045, 70-74,Total,United Kingdom,3808577.0
2045, 75-79,Total,United Kingdom,3679173.0
2045, 80-84,Total,United Kingdom,3015133.0
2045, 85-89,Total,United Kingdom,1863469.0
2045, 90-94,Total,United Kingdom,879851.0
2045, 95-99,Total,United Kingdom,297699.0
2045, 100 & over,Total,United Kingdom,37574.0
2045,All ages,Total,United Kingdom,72448772.0
2046,  0-4,Total,United Kingdom,3637939.0
2046,  5-9,Total,United Kingdom,3640018.0
2046, 10-14,Total,United Kingdom,3594406.0
2046, 15-19,Total,United Kingdom,3691882.0
2046, 20-24,Total,United Kingdom,3995420.0
2046, 25-29,Total,United Kingdom,4504015.0
2046, 30-34,Total,United Kingdom,4904141.0
2046, 35-39,Total,United Kingdom,4834512.0
2046, 40-44,Total,United Kingdom,4394159.0
2046, 45-49,Total,United Kingdom,4451281.0
2046, 50-54,Total,United Kingdom,4536210.0
2046, 55-59,Total,United Kingdom,4547804.0
2046, 60-64,Total,United Kingdom,4303764.0
2046, 65-69,Total,United Kingdom,3945562.0
2046, 70-74,Total,United Kingdom,3703838.0
2046, 75-79,Total,United Kingdom,3679075.0
2046, 80-84,Total,United Kingdom,3070043.0
2046, 85-89,Total,United Kingdom,1932312.0
2046, 90-94,Total,United Kingdom,901424.0
2046, 95-99,Total,United Kingdom,298580.0
2046, 100 & over,Total,United Kingdom,39620.0
2046,All ages,Total,United Kingdom,72606005.0
2047,  0-4,Total,United Kingdom,3643272.0
2047,  5-9,Total,United Kingdom,3671417.0
2047, 10-14,Total,United Kingdom,3610759.0
2047, 15-19,Total,United Kingdom,3689885.0
2047, 20-24,Total,United Kingdom,3992196.0
2047, 25-29,Total,United Kingdom,4401468.0
2047, 30-34,Total,United Kingdom,4854963.0
2047, 35-39,Total,United Kingdom,4907202.0
2047, 40-44,Total,United Kingdom,4484104.0
2047, 45-49,Total,United Kingdom,4390298.0
2047, 50-54,Total,United Kingdom,4516496.0
2047, 55-59,Total,United Kingdom,4584477.0
2047, 60-64,Total,United Kingdom,4321649.0
2047, 65-69,Total,United Kingdom,4037338.0
2047, 70-74,Total,United Kingdom,3611759.0
2047, 75-79,Total,United Kingdom,3655101.0
2047, 80-84,Total,United Kingdom,3107638.0
2047, 85-89,Total,United Kingdom,2004447.0
2047, 90-94,Total,United Kingdom,932015.0
2047, 95-99,Total,United Kingdom,294560.0
2047, 100 & over,Total,United Kingdom,46143.0
2047,All ages,Total,United Kingdom,72757187.0
2048,  0-4,Total,United Kingdom,3641564.0
2048,  5-9,Total,United Kingdom,3699939.0
2048, 10-14,Total,United Kingdom,3632803.0
2048, 15-19,Total,United Kingdom,3690411.0
2048, 20-24,Total,United Kingdom,3991342.0
2048, 25-29,Total,United Kingdom,4312224.0
2048, 30-34,Total,United Kingdom,4809913.0
2048, 35-39,Total,United Kingdom,4929603.0
2048, 40-44,Total,United Kingdom,4592717.0
2048, 45-49,Total,United Kingdom,4352877.0
2048, 50-54,Total,United Kingdom,4506110.0
2048, 55-59,Total,United Kingdom,4575614.0
2048, 60-64,Total,United Kingdom,4361348.0
2048, 65-69,Total,United Kingdom,4118478.0
2048, 70-74,Total,United Kingdom,3562635.0
2048, 75-79,Total,United Kingdom,3610415.0
2048, 80-84,Total,United Kingdom,3124867.0
2048, 85-89,Total,United Kingdom,2074077.0000000002
2048, 90-94,Total,United Kingdom,967605.0
2048, 95-99,Total,United Kingdom,297473.0
2048, 100 & over,Total,United Kingdom,49079.0
2048,All ages,Total,United Kingdom,72901094.0
2049,  0-4,Total,United Kingdom,3632617.0
2049,  5-9,Total,United Kingdom,3724597.0
2049, 10-14,Total,United Kingdom,3660090.0
2049, 15-19,Total,United Kingdom,3693615.0
2049, 20-24,Total,United Kingdom,3986214.0
2049, 25-29,Total,United Kingdom,4247710.0
2049, 30-34,Total,United Kingdom,4757490.0
2049, 35-39,Total,United Kingdom,4941293.0
2049, 40-44,Total,United Kingdom,4679217.0
2049, 45-49,Total,United Kingdom,4335356.0
2049, 50-54,Total,United Kingdom,4492205.0
2049, 55-59,Total,United Kingdom,4574546.0
2049, 60-64,Total,United Kingdom,4400666.0
2049, 65-69,Total,United Kingdom,4144209.0
2049, 70-74,Total,United Kingdom,3593181.0
2049, 75-79,Total,United Kingdom,3538088.0
2049, 80-84,Total,United Kingdom,3130931.0
2049, 85-89,Total,United Kingdom,2145534.0
2049, 90-94,Total,United Kingdom,1004960.0
2049, 95-99,Total,United Kingdom,303806.0
2049, 100 & over,Total,United Kingdom,50220.0
2049,All ages,Total,United Kingdom,73036545.0
2050,  0-4,Total,United Kingdom,3617597.0
2050,  5-9,Total,United Kingdom,3743495.0
2050, 10-14,Total,United Kingdom,3691649.0
2050, 15-19,Total,United Kingdom,3699955.0
2050, 20-24,Total,United Kingdom,3979856.0
2050, 25-29,Total,United Kingdom,4206254.0
2050, 30-34,Total,United Kingdom,4684796.0
2050, 35-39,Total,United Kingdom,4939024.0
2050, 40-44,Total,United Kingdom,4764373.0
2050, 45-49,Total,United Kingdom,4347318.0
2050, 50-54,Total,United Kingdom,4480432.0
2050, 55-59,Total,United Kingdom,4545271.0
2050, 60-64,Total,United Kingdom,4429138.0
2050, 65-69,Total,United Kingdom,4159424.0
2050, 70-74,Total,United Kingdom,3665682.0
2050, 75-79,Total,United Kingdom,3472286.0
2050, 80-84,Total,United Kingdom,3116782.0
2050, 85-89,Total,United Kingdom,2212096.0
2050, 90-94,Total,United Kingdom,1045829.9999999999
2050, 95-99,Total,United Kingdom,310540.0
2050, 100 & over,Total,United Kingdom,50814.0
2050,All ages,Total,United Kingdom,73162612.0
2051,  0-4,Total,United Kingdom,3598024.0
2051,  5-9,Total,United Kingdom,3755546.0
2051, 10-14,Total,United Kingdom,3724687.0
2051, 15-19,Total,United Kingdom,3710716.0
2051, 20-24,Total,United Kingdom,3975463.0
2051, 25-29,Total,United Kingdom,4194198.9999999995
2051, 30-34,Total,United Kingdom,4574986.0
2051, 35-39,Total,United Kingdom,4924050.0
2051, 40-44,Total,United Kingdom,4838219.0
2051, 45-49,Total,United Kingdom,4400950.0
2051, 50-54,Total,United Kingdom,4447631.0
2051, 55-59,Total,United Kingdom,4506105.0
2051, 60-64,Total,United Kingdom,4473909.0
2051, 65-69,Total,United Kingdom,4177468.0
2051, 70-74,Total,United Kingdom,3749090.0
2051, 75-79,Total,United Kingdom,3381257.0
2051, 80-84,Total,United Kingdom,3123317.0
2051, 85-89,Total,United Kingdom,2259035.0
2051, 90-94,Total,United Kingdom,1091541.0
2051, 95-99,Total,United Kingdom,321503.0
2051, 100 & over,Total,United Kingdom,51192.0
2051,All ages,Total,United Kingdom,73278888.0
2052,  0-4,Total,United Kingdom,3574725.0
2052,  5-9,Total,United Kingdom,3760894.0
2052, 10-14,Total,United Kingdom,3756094.0
2052, 15-19,Total,United Kingdom,3727076.0
2052, 20-24,Total,United Kingdom,3973502.0
2052, 25-29,Total,United Kingdom,4191040.0
2052, 30-34,Total,United Kingdom,4472723.0
2052, 35-39,Total,United Kingdom,4875191.0
2052, 40-44,Total,United Kingdom,4910864.0
2052, 45-49,Total,United Kingdom,4490666.0
2052, 50-54,Total,United Kingdom,4387769.0
2052, 55-59,Total,United Kingdom,4487491.0
2052, 60-64,Total,United Kingdom,4510755.0
2052, 65-69,Total,United Kingdom,4196467.0
2052, 70-74,Total,United Kingdom,3838097.0
2052, 75-79,Total,United Kingdom,3301689.0
2052, 80-84,Total,United Kingdom,3109040.0
2052, 85-89,Total,United Kingdom,2293698.0
2052, 90-94,Total,United Kingdom,1139872.0
2052, 95-99,Total,United Kingdom,335877.0
2052, 100 & over,Total,United Kingdom,51772.0
2052,All ages,Total,United Kingdom,73385302.0
2053,  0-4,Total,United Kingdom,3548642.0
2053,  5-9,Total,United Kingdom,3759202.0
2053, 10-14,Total,United Kingdom,3784616.0
2053, 15-19,Total,United Kingdom,3749136.0
2053, 20-24,Total,United Kingdom,3974062.0
2053, 25-29,Total,United Kingdom,4190241.0
2053, 30-34,Total,United Kingdom,4383745.0
2053, 35-39,Total,United Kingdom,4830440.0
2053, 40-44,Total,United Kingdom,4933419.0
2053, 45-49,Total,United Kingdom,4598930.0
2053, 50-54,Total,United Kingdom,4351263.0
2053, 55-59,Total,United Kingdom,4477985.0
2053, 60-64,Total,United Kingdom,4503064.0
2053, 65-69,Total,United Kingdom,4236606.0
2053, 70-74,Total,United Kingdom,3916792.0
2053, 75-79,Total,United Kingdom,3261296.0
2053, 80-84,Total,United Kingdom,3076101.0
2053, 85-89,Total,United Kingdom,2313373.0
2053, 90-94,Total,United Kingdom,1187184.0
2053, 95-99,Total,United Kingdom,352538.0
2053, 100 & over,Total,United Kingdom,53266.0
2053,All ages,Total,United Kingdom,73481901.0
2054,  0-4,Total,United Kingdom,3520855.0
2054,  5-9,Total,United Kingdom,3750278.0
2054, 10-14,Total,United Kingdom,3809279.0
2054, 15-19,Total,United Kingdom,3776423.0
2054, 20-24,Total,United Kingdom,3977308.0
2054, 25-29,Total,United Kingdom,4185184.0
2054, 30-34,Total,United Kingdom,4319450.0
2054, 35-39,Total,United Kingdom,4778317.0
2054, 40-44,Total,United Kingdom,4945297.0
2054, 45-49,Total,United Kingdom,4685203.0
2054, 50-54,Total,United Kingdom,4334493.0
2054, 55-59,Total,United Kingdom,4465029.0
2054, 60-64,Total,United Kingdom,4503010.0
2054, 65-69,Total,United Kingdom,4276157.0
2054, 70-74,Total,United Kingdom,3943384.0
2054, 75-79,Total,United Kingdom,3293988.0
2054, 80-84,Total,United Kingdom,3019353.0
2054, 85-89,Total,United Kingdom,2325717.0
2054, 90-94,Total,United Kingdom,1235493.0
2054, 95-99,Total,United Kingdom,369645.0
2054, 100 & over,Total,United Kingdom,55145.0
2054,All ages,Total,United Kingdom,73569008.0
2055,  0-4,Total,United Kingdom,3492603.0
2055,  5-9,Total,United Kingdom,3735283.0
2055, 10-14,Total,United Kingdom,3828179.0
2055, 15-19,Total,United Kingdom,3807992.0
2055, 20-24,Total,United Kingdom,3983686.0
2055, 25-29,Total,United Kingdom,4178888.0
2055, 30-34,Total,United Kingdom,4278172.0
2055, 35-39,Total,United Kingdom,4705968.0
2055, 40-44,Total,United Kingdom,4943279.0
2055, 45-49,Total,United Kingdom,4770159.0
2055, 50-54,Total,United Kingdom,4346921.0
2055, 55-59,Total,United Kingdom,4454063.0
2055, 60-64,Total,United Kingdom,4475370.0
2055, 65-69,Total,United Kingdom,4305339.0
2055, 70-74,Total,United Kingdom,3960489.0
2055, 75-79,Total,United Kingdom,3365158.0
2055, 80-84,Total,United Kingdom,2967870.0
2055, 85-89,Total,United Kingdom,2322850.0
2055, 90-94,Total,United Kingdom,1280520.0
2055, 95-99,Total,United Kingdom,387706.0
2055, 100 & over,Total,United Kingdom,56930.0
2055,All ages,Total,United Kingdom,73647425.0
2056,  0-4,Total,United Kingdom,3464926.0
2056,  5-9,Total,United Kingdom,3715727.0
2056, 10-14,Total,United Kingdom,3840242.0
2056, 15-19,Total,United Kingdom,3841030.0
2056, 20-24,Total,United Kingdom,3994472.0
2056, 25-29,Total,United Kingdom,4174559.0
2056, 30-34,Total,United Kingdom,4266234.0
2056, 35-39,Total,United Kingdom,4596614.0
2056, 40-44,Total,United Kingdom,4928635.0
2056, 45-49,Total,United Kingdom,4843891.0
2056, 50-54,Total,United Kingdom,4400620.0
2056, 55-59,Total,United Kingdom,4422387.0
2056, 60-64,Total,United Kingdom,4438227.0
2056, 65-69,Total,United Kingdom,4350345.0
2056, 70-74,Total,United Kingdom,3980243.0
2056, 75-79,Total,United Kingdom,3445556.0
2056, 80-84,Total,United Kingdom,2896169.0
2056, 85-89,Total,United Kingdom,2336416.0
2056, 90-94,Total,United Kingdom,1314149.0
2056, 95-99,Total,United Kingdom,408273.0
2056, 100 & over,Total,United Kingdom,59587.0
2056,All ages,Total,United Kingdom,73718302.0
2057,  0-4,Total,United Kingdom,3438688.0
2057,  5-9,Total,United Kingdom,3692454.0
2057, 10-14,Total,United Kingdom,3845590.0
2057, 15-19,Total,United Kingdom,3872446.0
2057, 20-24,Total,United Kingdom,4010860.0
2057, 25-29,Total,United Kingdom,4172657.0
2057, 30-34,Total,United Kingdom,4263167.0
2057, 35-39,Total,United Kingdom,4494784.0
2057, 40-44,Total,United Kingdom,4880256.0
2057, 45-49,Total,United Kingdom,4916455.0
2057, 50-54,Total,United Kingdom,4490017.0
2057, 55-59,Total,United Kingdom,4364022.0
2057, 60-64,Total,United Kingdom,4421199.0
2057, 65-69,Total,United Kingdom,4387416.0
2057, 70-74,Total,United Kingdom,4000752.0
2057, 75-79,Total,United Kingdom,3530117.0
2057, 80-84,Total,United Kingdom,2834200.0
2057, 85-89,Total,United Kingdom,2333519.0
2057, 90-94,Total,United Kingdom,1341135.0
2057, 95-99,Total,United Kingdom,430280.0
2057, 100 & over,Total,United Kingdom,62942.0
2057,All ages,Total,United Kingdom,73782956.0
2058,  0-4,Total,United Kingdom,3414749.0
2058,  5-9,Total,United Kingdom,3666390.0
2058, 10-14,Total,United Kingdom,3843911.0
2058, 15-19,Total,United Kingdom,3900970.0
2058, 20-24,Total,United Kingdom,4032936.0
2058, 25-29,Total,United Kingdom,4173279.9999999995
2058, 30-34,Total,United Kingdom,4262457.0
2058, 35-39,Total,United Kingdom,4406197.0
2058, 40-44,Total,United Kingdom,4835948.0
2058, 45-49,Total,United Kingdom,4939245.0
2058, 50-54,Total,United Kingdom,4597798.0
2058, 55-59,Total,United Kingdom,4328710.0
2058, 60-64,Total,United Kingdom,4412959.0
2058, 65-69,Total,United Kingdom,4381397.0
2058, 70-74,Total,United Kingdom,4041419.0
2058, 75-79,Total,United Kingdom,3604859.0
2058, 80-84,Total,United Kingdom,2805876.0
2058, 85-89,Total,United Kingdom,2315188.0
2058, 90-94,Total,United Kingdom,1359462.0
2058, 95-99,Total,United Kingdom,452078.0
2058, 100 & over,Total,United Kingdom,66890.0
2058,All ages,Total,United Kingdom,73842719.0
2059,  0-4,Total,United Kingdom,3393807.0
2059,  5-9,Total,United Kingdom,3638626.0
2059, 10-14,Total,United Kingdom,3834996.0
2059, 15-19,Total,United Kingdom,3925643.0
2059, 20-24,Total,United Kingdom,4060232.0
2059, 25-29,Total,United Kingdom,4176573.0000000005
2059, 30-34,Total,United Kingdom,4257496.0
2059, 35-39,Total,United Kingdom,4342230.0
2059, 40-44,Total,United Kingdom,4784269.0
2059, 45-49,Total,United Kingdom,4951401.0
2059, 50-54,Total,United Kingdom,4683770.0
2059, 55-59,Total,United Kingdom,4312944.0
2059, 60-64,Total,United Kingdom,4401355.0
2059, 65-69,Total,United Kingdom,4382775.0
2059, 70-74,Total,United Kingdom,4081202.0
2059, 75-79,Total,United Kingdom,3632411.0
2059, 80-84,Total,United Kingdom,2840998.0
2059, 85-89,Total,United Kingdom,2278583.0
2059, 90-94,Total,United Kingdom,1374495.0
2059, 95-99,Total,United Kingdom,474257.0
2059, 100 & over,Total,United Kingdom,70856.0
2059,All ages,Total,United Kingdom,73898919.0
2060,  0-4,Total,United Kingdom,3376177.0
2060,  5-9,Total,United Kingdom,3610397.0
2060, 10-14,Total,United Kingdom,3820009.0
2060, 15-19,Total,United Kingdom,3944551.0
2060, 20-24,Total,United Kingdom,4091812.0
2060, 25-29,Total,United Kingdom,4182993.9999999995
2060, 30-34,Total,United Kingdom,4251299.0
2060, 35-39,Total,United Kingdom,4301213.0
2060, 40-44,Total,United Kingdom,4712446.0
2060, 45-49,Total,United Kingdom,4949739.0
2060, 50-54,Total,United Kingdom,4768457.0
2060, 55-59,Total,United Kingdom,4325994.0
2060, 60-64,Total,United Kingdom,4391531.0
2060, 65-69,Total,United Kingdom,4357472.0
2060, 70-74,Total,United Kingdom,4111318.0
2060, 75-79,Total,United Kingdom,3652088.0
2060, 80-84,Total,United Kingdom,2909452.0
2060, 85-89,Total,United Kingdom,2245771.0
2060, 90-94,Total,United Kingdom,1380316.0
2060, 95-99,Total,United Kingdom,494916.0
2060, 100 & over,Total,United Kingdom,74922.0
2060,All ages,Total,United Kingdom,73952874.0
2061,  0-4,Total,United Kingdom,3361915.0
2061,  5-9,Total,United Kingdom,3582741.0
2061, 10-14,Total,United Kingdom,3800461.0
2061, 15-19,Total,United Kingdom,3956630.0
2061, 20-24,Total,United Kingdom,4124854.9999999995
2061, 25-29,Total,United Kingdom,4193823.9999999995
2061, 30-34,Total,United Kingdom,4247057.0
2061, 35-39,Total,United Kingdom,4289449.0
2061, 40-44,Total,United Kingdom,4603767.0
2061, 45-49,Total,United Kingdom,4935569.0
2061, 50-54,Total,United Kingdom,4842039.0
2061, 55-59,Total,United Kingdom,4379801.0
2061, 60-64,Total,United Kingdom,4361451.0
2061, 65-69,Total,United Kingdom,4323197.0
2061, 70-74,Total,United Kingdom,4156572.0
2061, 75-79,Total,United Kingdom,3674162.0
2061, 80-84,Total,United Kingdom,2984698.0
2061, 85-89,Total,United Kingdom,2199561.0
2061, 90-94,Total,United Kingdom,1397187.0
2061, 95-99,Total,United Kingdom,511096.0
2061, 100 & over,Total,United Kingdom,79734.0
2061,All ages,Total,United Kingdom,74005766.0
2062,  0-4,Total,United Kingdom,3351009.0
2062,  5-9,Total,United Kingdom,3556520.0
2062, 10-14,Total,United Kingdom,3777206.0
2062, 15-19,Total,United Kingdom,3961986.0
2062, 20-24,Total,United Kingdom,4156287.9999999995
2062, 25-29,Total,United Kingdom,4210241.0
2062, 30-34,Total,United Kingdom,4245244.0
2062, 35-39,Total,United Kingdom,4286521.0
2062, 40-44,Total,United Kingdom,4502568.0
2062, 45-49,Total,United Kingdom,4887887.0
2062, 50-54,Total,United Kingdom,4914493.0
2062, 55-59,Total,United Kingdom,4468775.0
2062, 60-64,Total,United Kingdom,4305218.0
2062, 65-69,Total,United Kingdom,4308401.0
2062, 70-74,Total,United Kingdom,4193890.0000000005
2062, 75-79,Total,United Kingdom,3696649.0
2062, 80-84,Total,United Kingdom,3062017.0
2062, 85-89,Total,United Kingdom,2160621.0
2062, 90-94,Total,United Kingdom,1403156.0
2062, 95-99,Total,United Kingdom,525065.0
2062, 100 & over,Total,United Kingdom,84974.0
2062,All ages,Total,United Kingdom,74058729.0
2063,  0-4,Total,United Kingdom,3343502.0
2063,  5-9,Total,United Kingdom,3532600.0
2063, 10-14,Total,United Kingdom,3751147.0
2063, 15-19,Total,United Kingdom,3960325.0
2063, 20-24,Total,United Kingdom,4184823.0000000005
2063, 25-29,Total,United Kingdom,4232355.0
2063, 30-34,Total,United Kingdom,4245944.0
2063, 35-39,Total,United Kingdom,4285944.0
2063, 40-44,Total,United Kingdom,4414565.0
2063, 45-49,Total,United Kingdom,4844211.0
2063, 50-54,Total,United Kingdom,4937603.0
2063, 55-59,Total,United Kingdom,4575911.0
2063, 60-64,Total,United Kingdom,4271647.0
2063, 65-69,Total,United Kingdom,4301941.0
2063, 70-74,Total,United Kingdom,4190180.0000000005
2063, 75-79,Total,United Kingdom,3737882.0
2063, 80-84,Total,United Kingdom,3130261.0
2063, 85-89,Total,United Kingdom,2147544.0
2063, 90-94,Total,United Kingdom,1398431.0
2063, 95-99,Total,United Kingdom,535747.0
2063, 100 & over,Total,United Kingdom,90216.0
2063,All ages,Total,United Kingdom,74112779.0
2064,  0-4,Total,United Kingdom,3339373.0
2064,  5-9,Total,United Kingdom,3511672.0
2064, 10-14,Total,United Kingdom,3723396.0
2064, 15-19,Total,United Kingdom,3951427.0
2064, 20-24,Total,United Kingdom,4209521.0
2064, 25-29,Total,United Kingdom,4259672.0
2064, 30-34,Total,United Kingdom,4249316.0
2064, 35-39,Total,United Kingdom,4281119.0
2064, 40-44,Total,United Kingdom,4351094.0
2064, 45-49,Total,United Kingdom,4793178.0
2064, 50-54,Total,United Kingdom,4950129.0
2064, 55-59,Total,United Kingdom,4661492.0
2064, 60-64,Total,United Kingdom,4257342.0
2064, 65-69,Total,United Kingdom,4292262.0
2064, 70-74,Total,United Kingdom,4193506.9999999995
2064, 75-79,Total,United Kingdom,3777770.0
2064, 80-84,Total,United Kingdom,3158583.0
2064, 85-89,Total,United Kingdom,2184156.0
2064, 90-94,Total,United Kingdom,1382362.0
2064, 95-99,Total,United Kingdom,545880.0
2064, 100 & over,Total,United Kingdom,95533.0
2064,All ages,Total,United Kingdom,74168784.0
2065,  0-4,Total,United Kingdom,3338522.0
2065,  5-9,Total,United Kingdom,3494061.0
2065, 10-14,Total,United Kingdom,3695172.0
2065, 15-19,Total,United Kingdom,3936464.0
2065, 20-24,Total,United Kingdom,4228455.0
2065, 25-29,Total,United Kingdom,4291276.0
2065, 30-34,Total,United Kingdom,4255814.0
2065, 35-39,Total,United Kingdom,4275059.0
2065, 40-44,Total,United Kingdom,4310474.0
2065, 45-49,Total,United Kingdom,4722109.0
2065, 50-54,Total,United Kingdom,4948943.0
2065, 55-59,Total,United Kingdom,4745803.0
2065, 60-64,Total,United Kingdom,4271294.0
2065, 65-69,Total,United Kingdom,4284078.0
2065, 70-74,Total,United Kingdom,4171435.0000000005
2065, 75-79,Total,United Kingdom,3809066.0
2065, 80-84,Total,United Kingdom,3181427.0
2065, 85-89,Total,United Kingdom,2246626.0
2065, 90-94,Total,United Kingdom,1368642.0
2065, 95-99,Total,United Kingdom,552163.0
2065, 100 & over,Total,United Kingdom,100503.0
2065,All ages,Total,United Kingdom,74227386.0
2066,  0-4,Total,United Kingdom,3340730.0
2066,  5-9,Total,United Kingdom,3479810.0
2066, 10-14,Total,United Kingdom,3667531.0
2066, 15-19,Total,United Kingdom,3916935.0
2066, 20-24,Total,United Kingdom,4240559.0
2066, 25-29,Total,United Kingdom,4324343.0
2066, 30-34,Total,United Kingdom,4266706.0
2066, 35-39,Total,United Kingdom,4270957.0
2066, 40-44,Total,United Kingdom,4298954.0
2066, 45-49,Total,United Kingdom,4614415.0
2066, 50-54,Total,United Kingdom,4935406.0
2066, 55-59,Total,United Kingdom,4819177.0
2066, 60-64,Total,United Kingdom,4325259.0
2066, 65-69,Total,United Kingdom,4256295.0
2066, 70-74,Total,United Kingdom,4141200.0
2066, 75-79,Total,United Kingdom,3854495.0
2066, 80-84,Total,United Kingdom,3206301.0
2066, 85-89,Total,United Kingdom,2312529.0
2066, 90-94,Total,United Kingdom,1348772.0
2066, 95-99,Total,United Kingdom,563980.0
2066, 100 & over,Total,United Kingdom,104621.0
2066,All ages,Total,United Kingdom,74288975.0
2067,  0-4,Total,United Kingdom,3345621.0
2067,  5-9,Total,United Kingdom,3468916.0
2067, 10-14,Total,United Kingdom,3641321.0
2067, 15-19,Total,United Kingdom,3893701.0
2067, 20-24,Total,United Kingdom,4245951.0
2067, 25-29,Total,United Kingdom,4355792.0
2067, 30-34,Total,United Kingdom,4283178.0
2067, 35-39,Total,United Kingdom,4269278.0
2067, 40-44,Total,United Kingdom,4296235.0
2067, 45-49,Total,United Kingdom,4514139.0
2067, 50-54,Total,United Kingdom,4888632.0
2067, 55-59,Total,United Kingdom,4891466.0
2067, 60-64,Total,United Kingdom,4413620.0
2067, 65-69,Total,United Kingdom,4203110.0
2067, 70-74,Total,United Kingdom,4129545.0
2067, 75-79,Total,United Kingdom,3891980.0
2067, 80-84,Total,United Kingdom,3231099.0
2067, 85-89,Total,United Kingdom,2377843.0
2067, 90-94,Total,United Kingdom,1333256.0
2067, 95-99,Total,United Kingdom,570517.0
2067, 100 & over,Total,United Kingdom,108461.0
2067,All ages,Total,United Kingdom,74353661.0
2068,  0-4,Total,United Kingdom,3352750.0
2068,  5-9,Total,United Kingdom,3461417.0
2068, 10-14,Total,United Kingdom,3617416.0
2068, 15-19,Total,United Kingdom,3867662.0
2068, 20-24,Total,United Kingdom,4244326.0
2068, 25-29,Total,United Kingdom,4384347.0
2068, 30-34,Total,United Kingdom,4305341.0
2068, 35-39,Total,United Kingdom,4270101.0
2068, 40-44,Total,United Kingdom,4295851.0
2068, 45-49,Total,United Kingdom,4426979.0
2068, 50-54,Total,United Kingdom,4845802.0
2068, 55-59,Total,United Kingdom,4914987.0
2068, 60-64,Total,United Kingdom,4519836.0
2068, 65-69,Total,United Kingdom,4172000.0
2068, 70-74,Total,United Kingdom,4125572.0
2068, 75-79,Total,United Kingdom,3891499.0
2068, 80-84,Total,United Kingdom,3272577.0
2068, 85-89,Total,United Kingdom,2435395.0
2068, 90-94,Total,United Kingdom,1334124.0
2068, 95-99,Total,United Kingdom,571776.0
2068, 100 & over,Total,United Kingdom,111691.0
2068,All ages,Total,United Kingdom,74421449.0
2069,  0-4,Total,United Kingdom,3361649.0
2069,  5-9,Total,United Kingdom,3457303.0
2069, 10-14,Total,United Kingdom,3596497.0
2069, 15-19,Total,United Kingdom,3839936.0
2069, 20-24,Total,United Kingdom,4235463.0
2069, 25-29,Total,United Kingdom,4409071.0
2069, 30-34,Total,United Kingdom,4332697.0
2069, 35-39,Total,United Kingdom,4273584.0
2069, 40-44,Total,United Kingdom,4291235.0
2069, 45-49,Total,United Kingdom,4364217.0
2069, 50-54,Total,United Kingdom,4795634.0
2069, 55-59,Total,United Kingdom,4927979.0
2069, 60-64,Total,United Kingdom,4604823.0
2069, 65-69,Total,United Kingdom,4159763.0
2069, 70-74,Total,United Kingdom,4118581.0
2069, 75-79,Total,United Kingdom,3897532.0
2069, 80-84,Total,United Kingdom,3312076.0
2069, 85-89,Total,United Kingdom,2463358.0
2069, 90-94,Total,United Kingdom,1367384.0
2069, 95-99,Total,United Kingdom,568291.0
2069, 100 & over,Total,United Kingdom,115068.0
2069,All ages,Total,United Kingdom,74492141.0
2070,  0-4,Total,United Kingdom,3371826.0
2070,  5-9,Total,United Kingdom,3456472.0
2070, 10-14,Total,United Kingdom,3578893.0
2070, 15-19,Total,United Kingdom,3811738.0
2070, 20-24,Total,United Kingdom,4220531.0
2070, 25-29,Total,United Kingdom,4428041.0
2070, 30-34,Total,United Kingdom,4364330.0
2070, 35-39,Total,United Kingdom,4280192.0
2070, 40-44,Total,United Kingdom,4285384.0
2070, 45-49,Total,United Kingdom,4324162.0
2070, 50-54,Total,United Kingdom,4725579.0
2070, 55-59,Total,United Kingdom,4927427.0
2070, 60-64,Total,United Kingdom,4688557.0
2070, 65-69,Total,United Kingdom,4174975.9999999995
2070, 70-74,Total,United Kingdom,4112661.0
2070, 75-79,Total,United Kingdom,3880082.0
2070, 80-84,Total,United Kingdom,3344587.0
2070, 85-89,Total,United Kingdom,2489109.0
2070, 90-94,Total,United Kingdom,1417156.0
2070, 95-99,Total,United Kingdom,566139.0
2070, 100 & over,Total,United Kingdom,117548.0
2070,All ages,Total,United Kingdom,74565390.0
2071,  0-4,Total,United Kingdom,3382857.0
2071,  5-9,Total,United Kingdom,3458689.0
2071, 10-14,Total,United Kingdom,3564658.0
2071, 15-19,Total,United Kingdom,3784116.0
2071, 20-24,Total,United Kingdom,4201045.0
2071, 25-29,Total,United Kingdom,4440179.0
2071, 30-34,Total,United Kingdom,4397424.0
2071, 35-39,Total,United Kingdom,4291185.0
2071, 40-44,Total,United Kingdom,4281494.0
2071, 45-49,Total,United Kingdom,4313002.0
2071, 50-54,Total,United Kingdom,4619185.0
2071, 55-59,Total,United Kingdom,4914718.0
2071, 60-64,Total,United Kingdom,4761609.0
2071, 65-69,Total,United Kingdom,4229128.0
2071, 70-74,Total,United Kingdom,4088080.0
2071, 75-79,Total,United Kingdom,3855703.0
2071, 80-84,Total,United Kingdom,3389751.0
2071, 85-89,Total,United Kingdom,2516373.0
2071, 90-94,Total,United Kingdom,1467042.0
2071, 95-99,Total,United Kingdom,562877.0
2071, 100 & over,Total,United Kingdom,121532.0
2071,All ages,Total,United Kingdom,74640647.0
2072,  0-4,Total,United Kingdom,3394326.0
2072,  5-9,Total,United Kingdom,3463592.0
2072, 10-14,Total,United Kingdom,3553774.0
2072, 15-19,Total,United Kingdom,3757931.0
2072, 20-24,Total,United Kingdom,4177857.0
2072, 25-29,Total,United Kingdom,4445618.0
2072, 30-34,Total,United Kingdom,4428906.0
2072, 35-39,Total,United Kingdom,4307738.0
2072, 40-44,Total,United Kingdom,4280011.0
2072, 45-49,Total,United Kingdom,4310582.0
2072, 50-54,Total,United Kingdom,4520134.0
2072, 55-59,Total,United Kingdom,4869160.0
2072, 60-64,Total,United Kingdom,4833663.0
2072, 65-69,Total,United Kingdom,4316562.0
2072, 70-74,Total,United Kingdom,4039205.0
2072, 75-79,Total,United Kingdom,3848608.0
2072, 80-84,Total,United Kingdom,3427008.0
2072, 85-89,Total,United Kingdom,2542986.0
2072, 90-94,Total,United Kingdom,1514167.0
2072, 95-99,Total,United Kingdom,561391.0
2072, 100 & over,Total,United Kingdom,124038.0
2072,All ages,Total,United Kingdom,74717257.0
2073,  0-4,Total,United Kingdom,3405792.0
2073,  5-9,Total,United Kingdom,3470734.0
2073, 10-14,Total,United Kingdom,3546290.0
2073, 15-19,Total,United Kingdom,3734041.0
2073, 20-24,Total,United Kingdom,4151872.0000000005
2073, 25-29,Total,United Kingdom,4444039.0
2073, 30-34,Total,United Kingdom,4457492.0
2073, 35-39,Total,United Kingdom,4329981.0
2073, 40-44,Total,United Kingdom,4281012.0
2073, 45-49,Total,United Kingdom,4310479.0
2073, 50-54,Total,United Kingdom,4434105.0
2073, 55-59,Total,United Kingdom,4827433.0
2073, 60-64,Total,United Kingdom,4857755.0
2073, 65-69,Total,United Kingdom,4421411.0
2073, 70-74,Total,United Kingdom,4011572.0
2073, 75-79,Total,United Kingdom,3848172.0
2073, 80-84,Total,United Kingdom,3430909.0
2073, 85-89,Total,United Kingdom,2583249.0
2073, 90-94,Total,United Kingdom,1555700.0
2073, 95-99,Total,United Kingdom,567338.0
2073, 100 & over,Total,United Kingdom,125156.0
2073,All ages,Total,United Kingdom,74794532.0
2074,  0-4,Total,United Kingdom,3416796.0
2074,  5-9,Total,United Kingdom,3479645.0
2074, 10-14,Total,United Kingdom,3542186.0
2074, 15-19,Total,United Kingdom,3713144.0
2074, 20-24,Total,United Kingdom,4124192.0
2074, 25-29,Total,United Kingdom,4435234.0
2074, 30-34,Total,United Kingdom,4482255.0
2074, 35-39,Total,United Kingdom,4357398.0
2074, 40-44,Total,United Kingdom,4284663.0
2074, 45-49,Total,United Kingdom,4306171.0
2074, 50-54,Total,United Kingdom,4372279.0
2074, 55-59,Total,United Kingdom,4778407.0
2074, 60-64,Total,United Kingdom,4871401.0
2074, 65-69,Total,United Kingdom,4505506.0
2074, 70-74,Total,United Kingdom,4002264.0
2074, 75-79,Total,United Kingdom,3845026.0
2074, 80-84,Total,United Kingdom,3440502.0
2074, 85-89,Total,United Kingdom,2620830.0
2074, 90-94,Total,United Kingdom,1579944.0
2074, 95-99,Total,United Kingdom,588533.0
2074, 100 & over,Total,United Kingdom,125351.0
2074,All ages,Total,United Kingdom,74871727.0
2075,  0-4,Total,United Kingdom,3426902.0
2075,  5-9,Total,United Kingdom,3489832.0
2075, 10-14,Total,United Kingdom,3541366.0
2075, 15-19,Total,United Kingdom,3695557.0
2075, 20-24,Total,United Kingdom,4096037.0000000005
2075, 25-29,Total,United Kingdom,4420371.0
2075, 30-34,Total,United Kingdom,4501269.0
2075, 35-39,Total,United Kingdom,4389077.0
2075, 40-44,Total,United Kingdom,4291440.0
2075, 45-49,Total,United Kingdom,4300626.0
2075, 50-54,Total,United Kingdom,4332965.0
2075, 55-59,Total,United Kingdom,4709682.0
2075, 60-64,Total,United Kingdom,4871731.0
2075, 65-69,Total,United Kingdom,4588387.0
2075, 70-74,Total,United Kingdom,4019251.0
2075, 75-79,Total,United Kingdom,3842309.0
2075, 80-84,Total,United Kingdom,3429462.0
2075, 85-89,Total,United Kingdom,2653677.0
2075, 90-94,Total,United Kingdom,1605210.0
2075, 95-99,Total,United Kingdom,616964.0
2075, 100 & over,Total,United Kingdom,126014.0
2075,All ages,Total,United Kingdom,74948129.0
2076,  0-4,Total,United Kingdom,3435709.0
2076,  5-9,Total,United Kingdom,3500871.0
2076, 10-14,Total,United Kingdom,3543592.0
2076, 15-19,Total,United Kingdom,3681341.0
2076, 20-24,Total,United Kingdom,4068457.0
2076, 25-29,Total,United Kingdom,4400948.0
2076, 30-34,Total,United Kingdom,4513475.0
2076, 35-39,Total,United Kingdom,4422207.0
2076, 40-44,Total,United Kingdom,4302581.0
2076, 45-49,Total,United Kingdom,4297038.0
2076, 50-54,Total,United Kingdom,4322290.0
2076, 55-59,Total,United Kingdom,4605000.0
2076, 60-64,Total,United Kingdom,4860226.0
2076, 65-69,Total,United Kingdom,4660953.0
2076, 70-74,Total,United Kingdom,4073618.0
2076, 75-79,Total,United Kingdom,3822344.0
2076, 80-84,Total,United Kingdom,3413393.0
2076, 85-89,Total,United Kingdom,2696991.0
2076, 90-94,Total,United Kingdom,1631390.0
2076, 95-99,Total,United Kingdom,643649.0
2076, 100 & over,Total,United Kingdom,127010.0
2076,All ages,Total,United Kingdom,75023083.0
2077,  0-4,Total,United Kingdom,3442878.0
2077,  5-9,Total,United Kingdom,3512351.0
2077, 10-14,Total,United Kingdom,3548501.0
2077, 15-19,Total,United Kingdom,3670468.0
2077, 20-24,Total,United Kingdom,4042319.0
2077, 25-29,Total,United Kingdom,4377821.0
2077, 30-34,Total,United Kingdom,4518980.0
2077, 35-39,Total,United Kingdom,4453735.0
2077, 40-44,Total,United Kingdom,4319267.0
2077, 45-49,Total,United Kingdom,4295834.0
2077, 50-54,Total,United Kingdom,4320269.0
2077, 55-59,Total,United Kingdom,4507576.0
2077, 60-64,Total,United Kingdom,4816424.0
2077, 65-69,Total,United Kingdom,4732632.0
2077, 70-74,Total,United Kingdom,4159656.0
2077, 75-79,Total,United Kingdom,3779766.0
2077, 80-84,Total,United Kingdom,3412677.0
2077, 85-89,Total,United Kingdom,2732743.0
2077, 90-94,Total,United Kingdom,1656533.0
2077, 95-99,Total,United Kingdom,667344.0
2077, 100 & over,Total,United Kingdom,128198.00000000001
2077,All ages,Total,United Kingdom,75095972.0
2078,  0-4,Total,United Kingdom,3448130.0
2078,  5-9,Total,United Kingdom,3523825.0
2078, 10-14,Total,United Kingdom,3555647.0
2078, 15-19,Total,United Kingdom,3663001.0
2078, 20-24,Total,United Kingdom,4018467.0
2078, 25-29,Total,United Kingdom,4351896.0
2078, 30-34,Total,United Kingdom,4517475.0
2078, 35-39,Total,United Kingdom,4482378.0
2078, 40-44,Total,United Kingdom,4341614.0
2078, 45-49,Total,United Kingdom,4297102.0
2078, 50-54,Total,United Kingdom,4320551.0
2078, 55-59,Total,United Kingdom,4423044.0
2078, 60-64,Total,United Kingdom,4776295.0
2078, 65-69,Total,United Kingdom,4757528.0
2078, 70-74,Total,United Kingdom,4262468.0
2078, 75-79,Total,United Kingdom,3757190.0
2078, 80-84,Total,United Kingdom,3417090.0
2078, 85-89,Total,United Kingdom,2741874.0
2078, 90-94,Total,United Kingdom,1691322.0
2078, 95-99,Total,United Kingdom,688293.0
2078, 100 & over,Total,United Kingdom,131143.0
2078,All ages,Total,United Kingdom,75166333.0
2079,  0-4,Total,United Kingdom,3451241.0
2079,  5-9,Total,United Kingdom,3534839.0
2079, 10-14,Total,United Kingdom,3564562.0
2079, 15-19,Total,United Kingdom,3658907.0
2079, 20-24,Total,United Kingdom,3997611.0
2079, 25-29,Total,United Kingdom,4324284.0
2079, 30-34,Total,United Kingdom,4508748.0
2079, 35-39,Total,United Kingdom,4507207.0
2079, 40-44,Total,United Kingdom,4369120.0
2079, 45-49,Total,United Kingdom,4301001.0
2079, 50-54,Total,United Kingdom,4316650.0
2079, 55-59,Total,United Kingdom,4362471.0
2079, 60-64,Total,United Kingdom,4728884.0
2079, 65-69,Total,United Kingdom,4772121.0
2079, 70-74,Total,United Kingdom,4345201.0
2079, 75-79,Total,United Kingdom,3752141.0
2079, 80-84,Total,United Kingdom,3419274.0
2079, 85-89,Total,United Kingdom,2755573.0
2079, 90-94,Total,United Kingdom,1723102.0
2079, 95-99,Total,United Kingdom,702826.0
2079, 100 & over,Total,United Kingdom,137985.0
2079,All ages,Total,United Kingdom,75233748.0
2080,  0-4,Total,United Kingdom,3452086.0
2080,  5-9,Total,United Kingdom,3544955.0
2080, 10-14,Total,United Kingdom,3574754.0
2080, 15-19,Total,United Kingdom,3658100.0
2080, 20-24,Total,United Kingdom,3980062.0
2080, 25-29,Total,United Kingdom,4296193.0
2080, 30-34,Total,United Kingdom,4493972.0
2080, 35-39,Total,United Kingdom,4526297.0
2080, 40-44,Total,United Kingdom,4400875.0
2080, 45-49,Total,United Kingdom,4308011.0
2080, 50-54,Total,United Kingdom,4311508.0
2080, 55-59,Total,United Kingdom,4324160.0
2080, 60-64,Total,United Kingdom,4662072.0
2080, 65-69,Total,United Kingdom,4773724.0
2080, 70-74,Total,United Kingdom,4426764.0
2080, 75-79,Total,United Kingdom,3771660.0
2080, 80-84,Total,United Kingdom,3420935.0
2080, 85-89,Total,United Kingdom,2752801.0
2080, 90-94,Total,United Kingdom,1752752.0
2080, 95-99,Total,United Kingdom,719846.0
2080, 100 & over,Total,United Kingdom,146425.0
2080,All ages,Total,United Kingdom,75297952.0
2081,  0-4,Total,United Kingdom,3450627.0
2081,  5-9,Total,United Kingdom,3553770.0
2081, 10-14,Total,United Kingdom,3585799.0
2081, 15-19,Total,United Kingdom,3660337.0
2081, 20-24,Total,United Kingdom,3965876.0
2081, 25-29,Total,United Kingdom,4268688.0
2081, 30-34,Total,United Kingdom,4474634.0
2081, 35-39,Total,United Kingdom,4538587.0
2081, 40-44,Total,United Kingdom,4434066.0
2081, 45-49,Total,United Kingdom,4319363.0
2081, 50-54,Total,United Kingdom,4308318.0
2081, 55-59,Total,United Kingdom,4314123.0
2081, 60-64,Total,United Kingdom,4559870.0
2081, 65-69,Total,United Kingdom,4763930.0
2081, 70-74,Total,United Kingdom,4498564.0
2081, 75-79,Total,United Kingdom,3826211.0
2081, 80-84,Total,United Kingdom,3407472.0
2081, 85-89,Total,United Kingdom,2747650.0
2081, 90-94,Total,United Kingdom,1789937.0
2081, 95-99,Total,United Kingdom,737190.0
2081, 100 & over,Total,United Kingdom,153744.0
2081,All ages,Total,United Kingdom,75358756.0
2082,  0-4,Total,United Kingdom,3446905.0
2082,  5-9,Total,United Kingdom,3560952.0
2082, 10-14,Total,United Kingdom,3597282.0
2082, 15-19,Total,United Kingdom,3665259.0
2082, 20-24,Total,United Kingdom,3955037.0
2082, 25-29,Total,United Kingdom,4242610.0
2082, 30-34,Total,United Kingdom,4451613.0
2082, 35-39,Total,United Kingdom,4544180.0
2082, 40-44,Total,United Kingdom,4465670.0
2082, 45-49,Total,United Kingdom,4336232.0
2082, 50-54,Total,United Kingdom,4307484.0
2082, 55-59,Total,United Kingdom,4312637.0
2082, 60-64,Total,United Kingdom,4464802.0
2082, 65-69,Total,United Kingdom,4722641.0
2082, 70-74,Total,United Kingdom,4569619.0
2082, 75-79,Total,United Kingdom,3909975.0
2082, 80-84,Total,United Kingdom,3373983.0
2082, 85-89,Total,United Kingdom,2755048.0
2082, 90-94,Total,United Kingdom,1820692.0
2082, 95-99,Total,United Kingdom,753582.0
2082, 100 & over,Total,United Kingdom,159853.0
2082,All ages,Total,United Kingdom,75416056.0
2083,  0-4,Total,United Kingdom,3441059.0
2083,  5-9,Total,United Kingdom,3566209.0
2083, 10-14,Total,United Kingdom,3608762.0
2083, 15-19,Total,United Kingdom,3672412.0
2083, 20-24,Total,United Kingdom,3947603.0
2083, 25-29,Total,United Kingdom,4218815.0
2083, 30-34,Total,United Kingdom,4425790.0
2083, 35-39,Total,United Kingdom,4542788.0
2083, 40-44,Total,United Kingdom,4494395.0
2083, 45-49,Total,United Kingdom,4358731.0
2083, 50-54,Total,United Kingdom,4309110.0
2083, 55-59,Total,United Kingdom,4313416.0
2083, 60-64,Total,United Kingdom,4382440.0
2083, 65-69,Total,United Kingdom,4684804.0
2083, 70-74,Total,United Kingdom,4595608.0
2083, 75-79,Total,United Kingdom,4009546.0
2083, 80-84,Total,United Kingdom,3358635.0
2083, 85-89,Total,United Kingdom,2765419.0
2083, 90-94,Total,United Kingdom,1833595.0
2083, 95-99,Total,United Kingdom,775157.0
2083, 100 & over,Total,United Kingdom,165548.0
2083,All ages,Total,United Kingdom,75469842.0
2084,  0-4,Total,United Kingdom,3433314.0
2084,  5-9,Total,United Kingdom,3569330.0
2084, 10-14,Total,United Kingdom,3619783.0
2084, 15-19,Total,United Kingdom,3681338.0
2084, 20-24,Total,United Kingdom,3943535.0
2084, 25-29,Total,United Kingdom,4198017.0
2084, 30-34,Total,United Kingdom,4398276.0
2084, 35-39,Total,United Kingdom,4534181.0
2084, 40-44,Total,United Kingdom,4519315.0
2084, 45-49,Total,United Kingdom,4386366.0
2084, 50-54,Total,United Kingdom,4313347.0
2084, 55-59,Total,United Kingdom,4310055.0
2084, 60-64,Total,United Kingdom,4323692.0
2084, 65-69,Total,United Kingdom,4639738.0
2084, 70-74,Total,United Kingdom,4611481.0
2084, 75-79,Total,United Kingdom,4090052.0
2084, 80-84,Total,United Kingdom,3359600.0
2084, 85-89,Total,United Kingdom,2774234.0
2084, 90-94,Total,United Kingdom,1849660.0
2084, 95-99,Total,United Kingdom,794310.0
2084, 100 & over,Total,United Kingdom,170550.0
2084,All ages,Total,United Kingdom,75520174.0
2085,  0-4,Total,United Kingdom,3423959.0
2085,  5-9,Total,United Kingdom,3570192.0
2085, 10-14,Total,United Kingdom,3629904.0
2085, 15-19,Total,United Kingdom,3691543.0
2085, 20-24,Total,United Kingdom,3942749.0
2085, 25-29,Total,United Kingdom,4180520.9999999995
2085, 30-34,Total,United Kingdom,4370285.0
2085, 35-39,Total,United Kingdom,4519538.0
2085, 40-44,Total,United Kingdom,4538521.0
2085, 45-49,Total,United Kingdom,4418225.0
2085, 50-54,Total,United Kingdom,4320661.0
2085, 55-59,Total,United Kingdom,4305461.0
2085, 60-64,Total,United Kingdom,4286839.0
2085, 65-69,Total,United Kingdom,4575692.0
2085, 70-74,Total,United Kingdom,4614843.0
2085, 75-79,Total,United Kingdom,4169420.0
2085, 80-84,Total,United Kingdom,3382514.0
2085, 85-89,Total,United Kingdom,2781333.0
2085, 90-94,Total,United Kingdom,1854682.0
2085, 95-99,Total,United Kingdom,813313.0
2085, 100 & over,Total,United Kingdom,176958.0
2085,All ages,Total,United Kingdom,75567153.0
2086,  0-4,Total,United Kingdom,3413360.0
2086,  5-9,Total,United Kingdom,3568744.0
2086, 10-14,Total,United Kingdom,3638722.0
2086, 15-19,Total,United Kingdom,3702597.0
2086, 20-24,Total,United Kingdom,3945016.0
2086, 25-29,Total,United Kingdom,4166384.0
2086, 30-34,Total,United Kingdom,4342871.0
2086, 35-39,Total,United Kingdom,4500345.0
2086, 40-44,Total,United Kingdom,4550937.0
2086, 45-49,Total,United Kingdom,4451523.0
2086, 50-54,Total,United Kingdom,4332293.0
2086, 55-59,Total,United Kingdom,4302797.0
2086, 60-64,Total,United Kingdom,4277738.0
2086, 65-69,Total,United Kingdom,4477076.0
2086, 70-74,Total,United Kingdom,4607457.0
2086, 75-79,Total,United Kingdom,4239895.0
2086, 80-84,Total,United Kingdom,3436903.0
2086, 85-89,Total,United Kingdom,2776465.0
2086, 90-94,Total,United Kingdom,1860208.0
2086, 95-99,Total,United Kingdom,836457.0
2086, 100 & over,Total,United Kingdom,183184.0
2086,All ages,Total,United Kingdom,75610972.0
2087,  0-4,Total,United Kingdom,3401892.0
2087,  5-9,Total,United Kingdom,3565033.0
2087, 10-14,Total,United Kingdom,3645909.0
2087, 15-19,Total,United Kingdom,3714088.0
2087, 20-24,Total,United Kingdom,3949965.0
2087, 25-29,Total,United Kingdom,4155587.9999999995
2087, 30-34,Total,United Kingdom,4316887.0
2087, 35-39,Total,United Kingdom,4477464.0
2087, 40-44,Total,United Kingdom,4556677.0
2087, 45-49,Total,United Kingdom,4483238.0
2087, 50-54,Total,United Kingdom,4349400.0
2087, 55-59,Total,United Kingdom,4302466.0
2087, 60-64,Total,United Kingdom,4277023.0
2087, 65-69,Total,United Kingdom,4385422.0
2087, 70-74,Total,United Kingdom,4569760.0
2087, 75-79,Total,United Kingdom,4309839.0
2087, 80-84,Total,United Kingdom,3516782.0
2087, 85-89,Total,United Kingdom,2755465.0
2087, 90-94,Total,United Kingdom,1874614.0
2087, 95-99,Total,United Kingdom,855416.0
2087, 100 & over,Total,United Kingdom,188899.0
2087,All ages,Total,United Kingdom,75651827.0
2088,  0-4,Total,United Kingdom,3389948.0
2088,  5-9,Total,United Kingdom,3559195.0
2088, 10-14,Total,United Kingdom,3651175.0
2088, 15-19,Total,United Kingdom,3725573.0
2088, 20-24,Total,United Kingdom,3957139.0
2088, 25-29,Total,United Kingdom,4148194.9999999995
2088, 30-34,Total,United Kingdom,4293185.0
2088, 35-39,Total,United Kingdom,4451789.0
2088, 40-44,Total,United Kingdom,4555450.0
2088, 45-49,Total,United Kingdom,4512081.0
2088, 50-54,Total,United Kingdom,4372102.0
2088, 55-59,Total,United Kingdom,4304557.0
2088, 60-64,Total,United Kingdom,4278527.0
2088, 65-69,Total,United Kingdom,4306200.0
2088, 70-74,Total,United Kingdom,4535193.0
2088, 75-79,Total,United Kingdom,4337323.0
2088, 80-84,Total,United Kingdom,3610963.0
2088, 85-89,Total,United Kingdom,2749834.0
2088, 90-94,Total,United Kingdom,1889606.0
2088, 95-99,Total,United Kingdom,865723.0
2088, 100 & over,Total,United Kingdom,196192.0
2088,All ages,Total,United Kingdom,75689950.0
2089,  0-4,Total,United Kingdom,3377910.0
2089,  5-9,Total,United Kingdom,3551469.0
2089, 10-14,Total,United Kingdom,3654298.0
2089, 15-19,Total,United Kingdom,3736602.0
2089, 20-24,Total,United Kingdom,3966088.0
2089, 25-29,Total,United Kingdom,4144161.0
2089, 30-34,Total,United Kingdom,4272483.0
2089, 35-39,Total,United Kingdom,4424414.0
2089, 40-44,Total,United Kingdom,4547027.0
2089, 45-49,Total,United Kingdom,4537136.0
2089, 50-54,Total,United Kingdom,4399917.0
2089, 55-59,Total,United Kingdom,4309227.0
2089, 60-64,Total,United Kingdom,4275942.0
2089, 65-69,Total,United Kingdom,4250078.0
2089, 70-74,Total,United Kingdom,4493451.0
2089, 75-79,Total,United Kingdom,4354938.0
2089, 80-84,Total,United Kingdom,3687649.0
2089, 85-89,Total,United Kingdom,2758611.0
2089, 90-94,Total,United Kingdom,1903882.0
2089, 95-99,Total,United Kingdom,877868.0
2089, 100 & over,Total,United Kingdom,202437.0
2089,All ages,Total,United Kingdom,75725588.0
2090,  0-4,Total,United Kingdom,3366178.0
2090,  5-9,Total,United Kingdom,3542128.0
2090, 10-14,Total,United Kingdom,3655164.0
2090, 15-19,Total,United Kingdom,3746731.0
2090, 20-24,Total,United Kingdom,3976311.0
2090, 25-29,Total,United Kingdom,4143416.0
2090, 30-34,Total,United Kingdom,4255064.0
2090, 35-39,Total,United Kingdom,4396574.0
2090, 40-44,Total,United Kingdom,4532581.0
2090, 45-49,Total,United Kingdom,4556496.0
2090, 50-54,Total,United Kingdom,4431922.0
2090, 55-59,Total,United Kingdom,4316949.0
2090, 60-64,Total,United Kingdom,4272141.0
2090, 65-69,Total,United Kingdom,4215320.0
2090, 70-74,Total,United Kingdom,4433347.0
2090, 75-79,Total,United Kingdom,4360790.0
2090, 80-84,Total,United Kingdom,3763239.0
2090, 85-89,Total,United Kingdom,2785354.0
2090, 90-94,Total,United Kingdom,1915419.0
2090, 95-99,Total,United Kingdom,884788.0
2090, 100 & over,Total,United Kingdom,209130.0
2090,All ages,Total,United Kingdom,75759042.0
2091,  0-4,Total,United Kingdom,3355067.0
2091,  5-9,Total,United Kingdom,3531543.0
2091, 10-14,Total,United Kingdom,3653722.0
2091, 15-19,Total,United Kingdom,3755564.0
2091, 20-24,Total,United Kingdom,3987375.0
2091, 25-29,Total,United Kingdom,4145720.9999999995
2091, 30-34,Total,United Kingdom,4240995.0
2091, 35-39,Total,United Kingdom,4369312.0
2091, 40-44,Total,United Kingdom,4513593.0
2091, 45-49,Total,United Kingdom,4569099.0
2091, 50-54,Total,United Kingdom,4465343.0
2091, 55-59,Total,United Kingdom,4328954.0
2091, 60-64,Total,United Kingdom,4270236.0
2091, 65-69,Total,United Kingdom,4207571.0
2091, 70-74,Total,United Kingdom,4339871.0
2091, 75-79,Total,United Kingdom,4356909.0
2091, 80-84,Total,United Kingdom,3831259.0
2091, 85-89,Total,United Kingdom,2838205.0
2091, 90-94,Total,United Kingdom,1919132.0
2091, 95-99,Total,United Kingdom,893930.0
2091, 100 & over,Total,United Kingdom,217130.0
2091,All ages,Total,United Kingdom,75790531.0
2092,  0-4,Total,United Kingdom,3344896.0
2092,  5-9,Total,United Kingdom,3520086.0
2092, 10-14,Total,United Kingdom,3650017.0
2092, 15-19,Total,United Kingdom,3762760.0
2092, 20-24,Total,United Kingdom,3998886.0
2092, 25-29,Total,United Kingdom,4150700.0
2092, 30-34,Total,United Kingdom,4230268.0
2092, 35-39,Total,United Kingdom,4343465.0
2092, 40-44,Total,United Kingdom,4490928.0
2092, 45-49,Total,United Kingdom,4575056.0
2092, 50-54,Total,United Kingdom,4497187.0
2092, 55-59,Total,United Kingdom,4346389.0
2092, 60-64,Total,United Kingdom,4270623.0
2092, 65-69,Total,United Kingdom,4207963.0
2092, 70-74,Total,United Kingdom,4253112.0
2092, 75-79,Total,United Kingdom,4324538.0
2092, 80-84,Total,United Kingdom,3899066.0
2092, 85-89,Total,United Kingdom,2911012.0
2092, 90-94,Total,United Kingdom,1911971.0
2092, 95-99,Total,United Kingdom,907808.0
2092, 100 & over,Total,United Kingdom,223589.0
2092,All ages,Total,United Kingdom,75820320.0
2093,  0-4,Total,United Kingdom,3335909.0
2093,  5-9,Total,United Kingdom,3508153.0
2093, 10-14,Total,United Kingdom,3644181.0
2093, 15-19,Total,United Kingdom,3768032.0
2093, 20-24,Total,United Kingdom,4010391.0
2093, 25-29,Total,United Kingdom,4157904.9999999995
2093, 30-34,Total,United Kingdom,4222939.0
2093, 35-39,Total,United Kingdom,4319897.0
2093, 40-44,Total,United Kingdom,4465474.0
2093, 45-49,Total,United Kingdom,4574064.0
2093, 50-54,Total,United Kingdom,4526190.0
2093, 55-59,Total,United Kingdom,4369369.0
2093, 60-64,Total,United Kingdom,4273389.0
2093, 65-69,Total,United Kingdom,4210492.0
2093, 70-74,Total,United Kingdom,4178408.0000000005
2093, 75-79,Total,United Kingdom,4294775.0
2093, 80-84,Total,United Kingdom,3928430.0
2093, 85-89,Total,United Kingdom,2995852.0
2093, 90-94,Total,United Kingdom,1916312.0
2093, 95-99,Total,United Kingdom,920606.0
2093, 100 & over,Total,United Kingdom,227863.0
2093,All ages,Total,United Kingdom,75848631.0
2094,  0-4,Total,United Kingdom,3328285.0
2094,  5-9,Total,United Kingdom,3496124.0
2094, 10-14,Total,United Kingdom,3636464.0
2094, 15-19,Total,United Kingdom,3771165.0
2094, 20-24,Total,United Kingdom,4021435.0
2094, 25-29,Total,United Kingdom,4166881.9999999995
2094, 30-34,Total,United Kingdom,4218964.0
2094, 35-39,Total,United Kingdom,4299329.0
2094, 40-44,Total,United Kingdom,4438310.0
2094, 45-49,Total,United Kingdom,4565907.0
2094, 50-54,Total,United Kingdom,4551422.0
2094, 55-59,Total,United Kingdom,4397413.0
2094, 60-64,Total,United Kingdom,4278703.0
2094, 65-69,Total,United Kingdom,4209030.0
2094, 70-74,Total,United Kingdom,4126069.0000000005
2094, 75-79,Total,United Kingdom,4257934.0
2094, 80-84,Total,United Kingdom,3948297.0
2094, 85-89,Total,United Kingdom,3065589.0
2094, 90-94,Total,United Kingdom,1932157.0
2094, 95-99,Total,United Kingdom,933414.0
2094, 100 & over,Total,United Kingdom,232796.0
2094,All ages,Total,United Kingdom,75875689.0
2095,  0-4,Total,United Kingdom,3322150.0
2095,  5-9,Total,United Kingdom,3484404.0
2095, 10-14,Total,United Kingdom,3627128.0
2095, 15-19,Total,United Kingdom,3772038.0
2095, 20-24,Total,United Kingdom,4031580.0
2095, 25-29,Total,United Kingdom,4177131.9999999995
2095, 30-34,Total,United Kingdom,4218275.0
2095, 35-39,Total,United Kingdom,4282026.0
2095, 40-44,Total,United Kingdom,4410700.0
2095, 45-49,Total,United Kingdom,4551743.0
2095, 50-54,Total,United Kingdom,4570997.0
2095, 55-59,Total,United Kingdom,4429607.0
2095, 60-64,Total,United Kingdom,4287025.0
2095, 65-69,Total,United Kingdom,4206373.0
2095, 70-74,Total,United Kingdom,4094319.0
2095, 75-79,Total,United Kingdom,4203671.0
2095, 80-84,Total,United Kingdom,3957583.0
2095, 85-89,Total,United Kingdom,3134345.0
2095, 90-94,Total,United Kingdom,1960554.0
2095, 95-99,Total,United Kingdom,943536.0
2095, 100 & over,Total,United Kingdom,236476.0
2095,All ages,Total,United Kingdom,75901662.0
2096,  0-4,Total,United Kingdom,3317569.0
2096,  5-9,Total,United Kingdom,3473305.0
2096, 10-14,Total,United Kingdom,3616547.0
2096, 15-19,Total,United Kingdom,3770606.0
2096, 20-24,Total,United Kingdom,4040433.0
2096, 25-29,Total,United Kingdom,4188224.0
2096, 30-34,Total,United Kingdom,4220628.0
2096, 35-39,Total,United Kingdom,4268068.0
2096, 40-44,Total,United Kingdom,4383652.0
2096, 45-49,Total,United Kingdom,4533065.0
2096, 50-54,Total,United Kingdom,4583846.0
2096, 55-59,Total,United Kingdom,4463201.0
2096, 60-64,Total,United Kingdom,4299565.0
2096, 65-69,Total,United Kingdom,4205559.0
2096, 70-74,Total,United Kingdom,4088493.0
2096, 75-79,Total,United Kingdom,4117886.0000000005
2096, 80-84,Total,United Kingdom,3958680.0
2096, 85-89,Total,United Kingdom,3197556.0
2096, 90-94,Total,United Kingdom,2007721.0
2096, 95-99,Total,United Kingdom,950276.0
2096, 100 & over,Total,United Kingdom,241701.0
2096,All ages,Total,United Kingdom,75926581.0
2097,  0-4,Total,United Kingdom,3314535.0
2097,  5-9,Total,United Kingdom,3463147.0
2097, 10-14,Total,United Kingdom,3605094.0
2097, 15-19,Total,United Kingdom,3766913.0
2097, 20-24,Total,United Kingdom,4047646.0
2097, 25-29,Total,United Kingdom,4199756.0
2097, 30-34,Total,United Kingdom,4225673.0
2097, 35-39,Total,United Kingdom,4257438.0
2097, 40-44,Total,United Kingdom,4358014.0
2097, 45-49,Total,United Kingdom,4510707.0
2097, 50-54,Total,United Kingdom,4590085.0
2097, 55-59,Total,United Kingdom,4495232.0
2097, 60-64,Total,United Kingdom,4317475.0
2097, 65-69,Total,United Kingdom,4206983.0
2097, 70-74,Total,United Kingdom,4090463.0
2097, 75-79,Total,United Kingdom,4038460.0
2097, 80-84,Total,United Kingdom,3934135.0
2097, 85-89,Total,United Kingdom,3261002.0
2097, 90-94,Total,United Kingdom,2067630.9999999998
2097, 95-99,Total,United Kingdom,951927.0
2097, 100 & over,Total,United Kingdom,248160.0
2097,All ages,Total,United Kingdom,75950476.0
2098,  0-4,Total,United Kingdom,3313010.0
2098,  5-9,Total,United Kingdom,3454168.0
2098, 10-14,Total,United Kingdom,3593165.0
2098, 15-19,Total,United Kingdom,3761093.0
2098, 20-24,Total,United Kingdom,4052934.0
2098, 25-29,Total,United Kingdom,4211294.0
2098, 30-34,Total,United Kingdom,4232916.0
2098, 35-39,Total,United Kingdom,4250213.0
2098, 40-44,Total,United Kingdom,4334647.0
2098, 45-49,Total,United Kingdom,4485574.0
2098, 50-54,Total,United Kingdom,4589415.0
2098, 55-59,Total,United Kingdom,4524437.0
2098, 60-64,Total,United Kingdom,4340846.0
2098, 65-69,Total,United Kingdom,4210732.0
2098, 70-74,Total,United Kingdom,4094447.0
2098, 75-79,Total,United Kingdom,3970556.0
2098, 80-84,Total,United Kingdom,3911430.0
2098, 85-89,Total,United Kingdom,3292104.0
2098, 90-94,Total,United Kingdom,2136442.0
2098, 95-99,Total,United Kingdom,960415.0
2098, 100 & over,Total,United Kingdom,253485.0
2098,All ages,Total,United Kingdom,75973323.0
2099,  0-4,Total,United Kingdom,3312896.0
2099,  5-9,Total,United Kingdom,3446552.0
2099, 10-14,Total,United Kingdom,3581145.0
2099, 15-19,Total,United Kingdom,3753385.0
2099, 20-24,Total,United Kingdom,4056093.0
2099, 25-29,Total,United Kingdom,4222362.0
2099, 30-34,Total,United Kingdom,4241941.0
2099, 35-39,Total,United Kingdom,4246329.0
2099, 40-44,Total,United Kingdom,4314263.0
2099, 45-49,Total,United Kingdom,4458744.0
2099, 50-54,Total,United Kingdom,4581613.0
2099, 55-59,Total,United Kingdom,4549906.0
2099, 60-64,Total,United Kingdom,4369220.0
2099, 65-69,Total,United Kingdom,4216958.0
2099, 70-74,Total,United Kingdom,4094577.0
2099, 75-79,Total,United Kingdom,3923896.0
2099, 80-84,Total,United Kingdom,3881798.0
2099, 85-89,Total,United Kingdom,3314403.0
2099, 90-94,Total,United Kingdom,2193663.0
2099, 95-99,Total,United Kingdom,976213.0
2099, 100 & over,Total,United Kingdom,259115.0
2099,All ages,Total,United Kingdom,75995072.0
2100,  0-4,Total,United Kingdom,3314045.0
2100,  5-9,Total,United Kingdom,3440420.0
2100, 10-14,Total,United Kingdom,3569436.0
2100, 15-19,Total,United Kingdom,3744057.0
2100, 20-24,Total,United Kingdom,4056986.0
2100, 25-29,Total,United Kingdom,4232535.0
2100, 30-34,Total,United Kingdom,4252237.0
2100, 35-39,Total,United Kingdom,4245720.0
2100, 40-44,Total,United Kingdom,4297137.0
2100, 45-49,Total,United Kingdom,4431454.0
2100, 50-54,Total,United Kingdom,4567831.0
2100, 55-59,Total,United Kingdom,4569760.0
2100, 60-64,Total,United Kingdom,4401682.0
2100, 65-69,Total,United Kingdom,4226132.0
2100, 70-74,Total,United Kingdom,4093546.0
2100, 75-79,Total,United Kingdom,3896669.0
2100, 80-84,Total,United Kingdom,3836195.0
2100, 85-89,Total,United Kingdom,3328027.0
2100, 90-94,Total,United Kingdom,2250082.0
2100, 95-99,Total,United Kingdom,998282.0
2100, 100 & over,Total,United Kingdom,263423.0
2100,All ages,Total,United Kingdom,76015656.0
2101,  0-4,Total,United Kingdom,3316293.0
2101,  5-9,Total,United Kingdom,3435847.0
2101, 10-14,Total,United Kingdom,3558343.0
2101, 15-19,Total,United Kingdom,3733489.0
2101, 20-24,Total,United Kingdom,4055574.0
2101, 25-29,Total,United Kingdom,4241411.0
2101, 30-34,Total,United Kingdom,4263367.0
2101, 35-39,Total,United Kingdom,4248152.0
2101, 40-44,Total,United Kingdom,4283351.0
2101, 45-49,Total,United Kingdom,4404717.0
2101, 50-54,Total,United Kingdom,4549565.0
2101, 55-59,Total,United Kingdom,4582931.0
2101, 60-64,Total,United Kingdom,4435520.0
2101, 65-69,Total,United Kingdom,4239443.0
2101, 70-74,Total,United Kingdom,4094288.0
2101, 75-79,Total,United Kingdom,3893685.0
2101, 80-84,Total,United Kingdom,3761961.0
2101, 85-89,Total,United Kingdom,3335788.0
2101, 90-94,Total,United Kingdom,2303594.0
2101, 95-99,Total,United Kingdom,1030375.0
2101, 100 & over,Total,United Kingdom,267320.0
2101,All ages,Total,United Kingdom,76035014.0
2102,  0-4,Total,United Kingdom,3319421.0
2102,  5-9,Total,United Kingdom,3432822.0
2102, 10-14,Total,United Kingdom,3548192.0
2102, 15-19,Total,United Kingdom,3722051.0
2102, 20-24,Total,United Kingdom,4051907.0
2102, 25-29,Total,United Kingdom,4248650.0
2102, 30-34,Total,United Kingdom,4274933.0
2102, 35-39,Total,United Kingdom,4253272.0
2102, 40-44,Total,United Kingdom,4272879.0
2102, 45-49,Total,United Kingdom,4379384.0
2102, 50-54,Total,United Kingdom,4527629.0
2102, 55-59,Total,United Kingdom,4589544.0
2102, 60-64,Total,United Kingdom,4467816.0
2102, 65-69,Total,United Kingdom,4258019.0
2102, 70-74,Total,United Kingdom,4097187.0
2102, 75-79,Total,United Kingdom,3897957.0
2102, 80-84,Total,United Kingdom,3693573.0
2102, 85-89,Total,United Kingdom,3322275.0
2102, 90-94,Total,United Kingdom,2357851.0
2102, 95-99,Total,United Kingdom,1067656.0
2102, 100 & over,Total,United Kingdom,270114.0
2102,All ages,Total,United Kingdom,76053132.0
2103,  0-4,Total,United Kingdom,3323221.0
2103,  5-9,Total,United Kingdom,3431309.0
2103, 10-14,Total,United Kingdom,3539212.0
2103, 15-19,Total,United Kingdom,3710136.0
2103, 20-24,Total,United Kingdom,4046112.0
2103, 25-29,Total,United Kingdom,4253971.0
2103, 30-34,Total,United Kingdom,4286509.0
2103, 35-39,Total,United Kingdom,4260589.0
2103, 40-44,Total,United Kingdom,4265801.0
2103, 45-49,Total,United Kingdom,4356303.0
2103, 50-54,Total,United Kingdom,4502929.0
2103, 55-59,Total,United Kingdom,4589300.0
2103, 60-64,Total,United Kingdom,4497321.0
2103, 65-69,Total,United Kingdom,4281947.0
2103, 70-74,Total,United Kingdom,4102332.0000000005
2103, 75-79,Total,United Kingdom,3904066.0
2103, 80-84,Total,United Kingdom,3635880.0
2103, 85-89,Total,United Kingdom,3309492.0
2103, 90-94,Total,United Kingdom,2388420.0
2103, 95-99,Total,United Kingdom,1109942.0
2103, 100 & over,Total,United Kingdom,275236.0
2103,All ages,Total,United Kingdom,76070028.0
2104,  0-4,Total,United Kingdom,3327453.0
2104,  5-9,Total,United Kingdom,3431200.0
2104, 10-14,Total,United Kingdom,3531605.0
2104, 15-19,Total,United Kingdom,3698122.0
2104, 20-24,Total,United Kingdom,4038435.0
2104, 25-29,Total,United Kingdom,4257158.0
2104, 30-34,Total,United Kingdom,4297614.0
2104, 35-39,Total,United Kingdom,4269678.0
2104, 40-44,Total,United Kingdom,4262054.0
2104, 45-49,Total,United Kingdom,4336194.0
2104, 50-54,Total,United Kingdom,4476524.0
2104, 55-59,Total,United Kingdom,4581972.0
2104, 60-64,Total,United Kingdom,4523132.0
2104, 65-69,Total,United Kingdom,4310784.0
2104, 70-74,Total,United Kingdom,4109859.0000000005
2104, 75-79,Total,United Kingdom,3906541.0
2104, 80-84,Total,United Kingdom,3597742.0
2104, 85-89,Total,United Kingdom,3290116.0
2104, 90-94,Total,United Kingdom,2411429.0
2104, 95-99,Total,United Kingdom,1145135.0
2104, 100 & over,Total,United Kingdom,283046.0
2104,All ages,Total,United Kingdom,76085793.0
2105,  0-4,Total,United Kingdom,3331899.0
2105,  5-9,Total,United Kingdom,3432361.0
2105, 10-14,Total,United Kingdom,3525471.0
2105, 15-19,Total,United Kingdom,3686425.0
2105, 20-24,Total,United Kingdom,4029131.0
2105, 25-29,Total,United Kingdom,4258081.0
2105, 30-34,Total,United Kingdom,4307826.0
2105, 35-39,Total,United Kingdom,4280037.0
2105, 40-44,Total,United Kingdom,4261571.0
2105, 45-49,Total,United Kingdom,4319324.0
2105, 50-54,Total,United Kingdom,4449670.0
2105, 55-59,Total,United Kingdom,4568704.0
2105, 60-64,Total,United Kingdom,4543377.0
2105, 65-69,Total,United Kingdom,4343635.0
2105, 70-74,Total,United Kingdom,4120238.9999999995
2105, 75-79,Total,United Kingdom,3907912.0
2105, 80-84,Total,United Kingdom,3577260.0
2105, 85-89,Total,United Kingdom,3257084.0
2105, 90-94,Total,United Kingdom,2428484.0
2105, 95-99,Total,United Kingdom,1179914.0
2105, 100 & over,Total,United Kingdom,292280.0
2105,All ages,Total,United Kingdom,76100685.0
2106,  0-4,Total,United Kingdom,3336324.0
2106,  5-9,Total,United Kingdom,3434616.0
2106, 10-14,Total,United Kingdom,3520900.0
2106, 15-19,Total,United Kingdom,3675342.0
2106, 20-24,Total,United Kingdom,4018581.0
2106, 25-29,Total,United Kingdom,4256711.0
2106, 30-34,Total,United Kingdom,4316743.0
2106, 35-39,Total,United Kingdom,4291226.0
2106, 40-44,Total,United Kingdom,4264126.0
2106, 45-49,Total,United Kingdom,4305780.0
2106, 50-54,Total,United Kingdom,4423357.0
2106, 55-59,Total,United Kingdom,4550970.0
2106, 60-64,Total,United Kingdom,4557015.0
2106, 65-69,Total,United Kingdom,4377829.0
2106, 70-74,Total,United Kingdom,4134638.0
2106, 75-79,Total,United Kingdom,3910942.0
2106, 80-84,Total,United Kingdom,3578433.0
2106, 85-89,Total,United Kingdom,3199914.0
2106, 90-94,Total,United Kingdom,2442725.0
2106, 95-99,Total,United Kingdom,1214395.0
2106, 100 & over,Total,United Kingdom,304470.0
2106,All ages,Total,United Kingdom,76115037.0
2107,  0-4,Total,United Kingdom,3340534.0
2107,  5-9,Total,United Kingdom,3437745.0
2107, 10-14,Total,United Kingdom,3517881.0
2107, 15-19,Total,United Kingdom,3665196.0
2107, 20-24,Total,United Kingdom,4007171.0
2107, 25-29,Total,United Kingdom,4253071.0
2107, 30-34,Total,United Kingdom,4324030.0
2107, 35-39,Total,United Kingdom,4302847.0
2107, 40-44,Total,United Kingdom,4269354.0
2107, 45-49,Total,United Kingdom,4295537.0
2107, 50-54,Total,United Kingdom,4398426.0
2107, 55-59,Total,United Kingdom,4529601.0
2107, 60-64,Total,United Kingdom,4564170.0
2107, 65-69,Total,United Kingdom,4410493.0
2107, 70-74,Total,United Kingdom,4154160.0
2107, 75-79,Total,United Kingdom,3916008.0
2107, 80-84,Total,United Kingdom,3586023.0
2107, 85-89,Total,United Kingdom,3147873.0
2107, 90-94,Total,United Kingdom,2441919.0
2107, 95-99,Total,United Kingdom,1249889.0
2107, 100 & over,Total,United Kingdom,317367.0
2107,All ages,Total,United Kingdom,76129295.0
2108,  0-4,Total,United Kingdom,3344318.0
2108,  5-9,Total,United Kingdom,3441548.0
2108, 10-14,Total,United Kingdom,3516373.0
2108, 15-19,Total,United Kingdom,3656228.0
2108, 20-24,Total,United Kingdom,3995281.0
2108, 25-29,Total,United Kingdom,4247307.0
2108, 30-34,Total,United Kingdom,4329390.0
2108, 35-39,Total,United Kingdom,4314484.0
2108, 40-44,Total,United Kingdom,4276773.0
2108, 45-49,Total,United Kingdom,4288674.0
2108, 50-54,Total,United Kingdom,4375736.0
2108, 55-59,Total,United Kingdom,4505474.0
2108, 60-64,Total,United Kingdom,4564540.0
2108, 65-69,Total,United Kingdom,4440418.0
2108, 70-74,Total,United Kingdom,4178881.0000000005
2108, 75-79,Total,United Kingdom,3923197.0
2108, 80-84,Total,United Kingdom,3595186.0
2108, 85-89,Total,United Kingdom,3105273.0
2108, 90-94,Total,United Kingdom,2440540.0
2108, 95-99,Total,United Kingdom,1272130.0
2108, 100 & over,Total,United Kingdom,332222.0
2108,All ages,Total,United Kingdom,76143973.0
2109,  0-4,Total,United Kingdom,3347510.0
2109,  5-9,Total,United Kingdom,3445787.0
2109, 10-14,Total,United Kingdom,3516269.0
2109, 15-19,Total,United Kingdom,3648632.0
2109, 20-24,Total,United Kingdom,3983286.0
2109, 25-29,Total,United Kingdom,4239669.0
2109, 30-34,Total,United Kingdom,4332623.0
2109, 35-39,Total,United Kingdom,4325650.0
2109, 40-44,Total,United Kingdom,4285959.0
2109, 45-49,Total,United Kingdom,4285122.0
2109, 50-54,Total,United Kingdom,4355996.0
2109, 55-59,Total,United Kingdom,4479656.0
2109, 60-64,Total,United Kingdom,4557901.0
2109, 65-69,Total,United Kingdom,4466715.0
2109, 70-74,Total,United Kingdom,4208369.0
2109, 75-79,Total,United Kingdom,3932645.0
2109, 80-84,Total,United Kingdom,3601042.0
2109, 85-89,Total,United Kingdom,3079599.0
2109, 90-94,Total,United Kingdom,2433299.0
2109, 95-99,Total,United Kingdom,1289174.0
2109, 100 & over,Total,United Kingdom,344733.0
2109,All ages,Total,United Kingdom,76159636.0
2110,  0-4,Total,United Kingdom,3349974.0
2110,  5-9,Total,United Kingdom,3450242.0
2110, 10-14,Total,United Kingdom,3517432.0
2110, 15-19,Total,United Kingdom,3642510.0
2110, 20-24,Total,United Kingdom,3971614.0
2110, 25-29,Total,United Kingdom,4230398.0
2110, 30-34,Total,United Kingdom,4333591.0
2110, 35-39,Total,United Kingdom,4335926.0
2110, 40-44,Total,United Kingdom,4296413.0
2110, 45-49,Total,United Kingdom,4284821.0
2110, 50-54,Total,United Kingdom,4339475.0
2110, 55-59,Total,United Kingdom,4453367.0
2110, 60-64,Total,United Kingdom,4545383.0
2110, 65-69,Total,United Kingdom,4487542.0
2110, 70-74,Total,United Kingdom,4241748.0
2110, 75-79,Total,United Kingdom,3944799.0
2110, 80-84,Total,United Kingdom,3605902.0
2110, 85-89,Total,United Kingdom,3068835.0
2110, 90-94,Total,United Kingdom,2415807.0
2110, 95-99,Total,United Kingdom,1303737.0
2110, 100 & over,Total,United Kingdom,357365.0
2110,All ages,Total,United Kingdom,76176881.0
2111,  0-4,Total,United Kingdom,3351600.0
2111,  5-9,Total,United Kingdom,3454671.0
2111, 10-14,Total,United Kingdom,3519696.0
2111, 15-19,Total,United Kingdom,3637949.0
2111, 20-24,Total,United Kingdom,3960559.0
2111, 25-29,Total,United Kingdom,4219880.0
2111, 30-34,Total,United Kingdom,4332261.0
2111, 35-39,Total,United Kingdom,4344908.0
2111, 40-44,Total,United Kingdom,4307691.0
2111, 45-49,Total,United Kingdom,4287549.0
2111, 50-54,Total,United Kingdom,4326254.0
2111, 55-59,Total,United Kingdom,4427614.0
2111, 60-64,Total,United Kingdom,4528434.0
2111, 65-69,Total,United Kingdom,4501865.0
2111, 70-74,Total,United Kingdom,4276427.0
2111, 75-79,Total,United Kingdom,3960784.0
2111, 80-84,Total,United Kingdom,3612271.0
2111, 85-89,Total,United Kingdom,3075747.0
2111, 90-94,Total,United Kingdom,2380713.0
2111, 95-99,Total,United Kingdom,1318554.0
2111, 100 & over,Total,United Kingdom,370855.0
2111,All ages,Total,United Kingdom,76196282.0
2112,  0-4,Total,United Kingdom,3352319.0
2112,  5-9,Total,United Kingdom,3458884.0
2112, 10-14,Total,United Kingdom,3522832.0
2112, 15-19,Total,United Kingdom,3634943.0
2112, 20-24,Total,United Kingdom,3950437.0
2112, 25-29,Total,United Kingdom,4208506.0
2112, 30-34,Total,United Kingdom,4328670.0
2112, 35-39,Total,United Kingdom,4352253.0
2112, 40-44,Total,United Kingdom,4319407.0
2112, 45-49,Total,United Kingdom,4292934.0
2112, 50-54,Total,United Kingdom,4316314.0
2112, 55-59,Total,United Kingdom,4403229.0
2112, 60-64,Total,United Kingdom,4507873.0
2112, 65-69,Total,United Kingdom,4509806.0
2112, 70-74,Total,United Kingdom,4309604.0
2112, 75-79,Total,United Kingdom,3981683.0
2112, 80-84,Total,United Kingdom,3620486.0
2112, 85-89,Total,United Kingdom,3087814.0
2112, 90-94,Total,United Kingdom,2349776.0
2112, 95-99,Total,United Kingdom,1325659.0
2112, 100 & over,Total,United Kingdom,384946.0
2112,All ages,Total,United Kingdom,76218375.0
2113,  0-4,Total,United Kingdom,3352087.0
2113,  5-9,Total,United Kingdom,3462667.0
2113, 10-14,Total,United Kingdom,3526642.0
2113, 15-19,Total,United Kingdom,3633439.0
2113, 20-24,Total,United Kingdom,3941494.0
2113, 25-29,Total,United Kingdom,4196652.0
2113, 30-34,Total,United Kingdom,4322956.0
2113, 35-39,Total,United Kingdom,4357674.0
2113, 40-44,Total,United Kingdom,4331131.0
2113, 45-49,Total,United Kingdom,4300501.0
2113, 50-54,Total,United Kingdom,4309731.0
2113, 55-59,Total,United Kingdom,4381054.0
2113, 60-64,Total,United Kingdom,4484579.0
2113, 65-69,Total,United Kingdom,4511062.0
2113, 70-74,Total,United Kingdom,4340122.0
2113, 75-79,Total,United Kingdom,4007539.0
2113, 80-84,Total,United Kingdom,3630639.0
2113, 85-89,Total,United Kingdom,3101064.0
2113, 90-94,Total,United Kingdom,2326495.0
2113, 95-99,Total,United Kingdom,1331285.0
2113, 100 & over,Total,United Kingdom,394786.0
2113,All ages,Total,United Kingdom,76243599.0
2114,  0-4,Total,United Kingdom,3350902.0
2114,  5-9,Total,United Kingdom,3465870.0
2114, 10-14,Total,United Kingdom,3530882.0
2114, 15-19,Total,United Kingdom,3633341.0
2114, 20-24,Total,United Kingdom,3933920.0
2114, 25-29,Total,United Kingdom,4184691.0
2114, 30-34,Total,United Kingdom,4315371.0
2114, 35-39,Total,United Kingdom,4360969.0
2114, 40-44,Total,United Kingdom,4342385.0
2114, 45-49,Total,United Kingdom,4309836.0
2114, 50-54,Total,United Kingdom,4306446.0
2114, 55-59,Total,United Kingdom,4361803.0
2114, 60-64,Total,United Kingdom,4459602.0
2114, 65-69,Total,United Kingdom,4505421.0
2114, 70-74,Total,United Kingdom,4367091.0
2114, 75-79,Total,United Kingdom,4037955.0
2114, 80-84,Total,United Kingdom,3642861.0
2114, 85-89,Total,United Kingdom,3111558.0
2114, 90-94,Total,United Kingdom,2316347.0
2114, 95-99,Total,United Kingdom,1332741.0
2114, 100 & over,Total,United Kingdom,402328.0
2114,All ages,Total,United Kingdom,76272320.0
2115,  0-4,Total,United Kingdom,3348800.0
2115,  5-9,Total,United Kingdom,3468338.0
2115, 10-14,Total,United Kingdom,3535339.0
2115, 15-19,Total,United Kingdom,3634513.0
2115, 20-24,Total,United Kingdom,3927821.0
2115, 25-29,Total,United Kingdom,4173044.0
2115, 30-34,Total,United Kingdom,4306154.0
2115, 35-39,Total,United Kingdom,4362008.0
2115, 40-44,Total,United Kingdom,4352750.0
2115, 45-49,Total,United Kingdom,4320422.0
2115, 50-54,Total,United Kingdom,4306390.0
2115, 55-59,Total,United Kingdom,4345748.0
2115, 60-64,Total,United Kingdom,4434145.0
2115, 65-69,Total,United Kingdom,4493982.0
2115, 70-74,Total,United Kingdom,4388735.0
2115, 75-79,Total,United Kingdom,4072067.0
2115, 80-84,Total,United Kingdom,3657567.0
2115, 85-89,Total,United Kingdom,3121230.0
2115, 90-94,Total,United Kingdom,2317252.0
2115, 95-99,Total,United Kingdom,1328589.0
2115, 100 & over,Total,United Kingdom,409790.0
2115,All ages,Total,United Kingdom,76304684.0
2116,  0-4,Total,United Kingdom,3345833.0
2116,  5-9,Total,United Kingdom,3469971.0
2116, 10-14,Total,United Kingdom,3539773.0
2116, 15-19,Total,United Kingdom,3636786.0
2116, 20-24,Total,United Kingdom,3923272.0
2116, 25-29,Total,United Kingdom,4162033.0000000005
2116, 30-34,Total,United Kingdom,4295687.0
2116, 35-39,Total,United Kingdom,4360739.0
2116, 40-44,Total,United Kingdom,4361824.0
2116, 45-49,Total,United Kingdom,4331837.0
2116, 50-54,Total,United Kingdom,4309352.0
2116, 55-59,Total,United Kingdom,4332960.0
2116, 60-64,Total,United Kingdom,4409201.0
2116, 65-69,Total,United Kingdom,4478171.0
2116, 70-74,Total,United Kingdom,4404029.0
2116, 75-79,Total,United Kingdom,4107410.0
2116, 80-84,Total,United Kingdom,3675822.0
2116, 85-89,Total,United Kingdom,3132185.0
2116, 90-94,Total,United Kingdom,2330262.0
2116, 95-99,Total,United Kingdom,1315138.0
2116, 100 & over,Total,United Kingdom,418443.0
2116,All ages,Total,United Kingdom,76340728.0
2117,  0-4,Total,United Kingdom,3342101.0
2117,  5-9,Total,United Kingdom,3470702.0
2117, 10-14,Total,United Kingdom,3543985.0
2117, 15-19,Total,United Kingdom,3639923.0
2117, 20-24,Total,United Kingdom,3920287.0
2117, 25-29,Total,United Kingdom,4151937.0
2117, 30-34,Total,United Kingdom,4284371.0
2117, 35-39,Total,United Kingdom,4357221.0
2117, 40-44,Total,United Kingdom,4369262.0
2117, 45-49,Total,United Kingdom,4343683.0
2117, 50-54,Total,United Kingdom,4314957.0
2117, 55-59,Total,United Kingdom,4323419.0
2117, 60-64,Total,United Kingdom,4385611.0
2117, 65-69,Total,United Kingdom,4458793.0
2117, 70-74,Total,United Kingdom,4413089.0
2117, 75-79,Total,United Kingdom,4141307.0
2117, 80-84,Total,United Kingdom,3698654.0
2117, 85-89,Total,United Kingdom,3144721.0
2117, 90-94,Total,United Kingdom,2346697.0
2117, 95-99,Total,United Kingdom,1304725.0
2117, 100 & over,Total,United Kingdom,424884.0
2117,All ages,Total,United Kingdom,76380329.0
2118,  0-4,Total,United Kingdom,3337715.0
2118,  5-9,Total,United Kingdom,3470476.0
2118, 10-14,Total,United Kingdom,3547772.0
2118, 15-19,Total,United Kingdom,3643740.0
2118, 20-24,Total,United Kingdom,3918803.0
2118, 25-29,Total,United Kingdom,4143023.0
2118, 30-34,Total,United Kingdom,4272559.0
2118, 35-39,Total,United Kingdom,4351585.0
2118, 40-44,Total,United Kingdom,4374782.0
2118, 45-49,Total,United Kingdom,4355538.0
2118, 50-54,Total,United Kingdom,4322723.0
2118, 55-59,Total,United Kingdom,4317223.0
2118, 60-64,Total,United Kingdom,4364194.0
2118, 65-69,Total,United Kingdom,4436709.0
2118, 70-74,Total,United Kingdom,4415614.0
2118, 75-79,Total,United Kingdom,4172652.0
2118, 80-84,Total,United Kingdom,3726086.0
2118, 85-89,Total,United Kingdom,3158928.0
2118, 90-94,Total,United Kingdom,2363809.0
2118, 95-99,Total,United Kingdom,1299524.0
2118, 100 & over,Total,United Kingdom,429759.0
2118,All ages,Total,United Kingdom,76423214.0
2119,  0-4,Total,United Kingdom,3332826.0
2119,  5-9,Total,United Kingdom,3469294.0
2119, 10-14,Total,United Kingdom,3550977.0
2119, 15-19,Total,United Kingdom,3647988.0
2119, 20-24,Total,United Kingdom,3918721.0
2119, 25-29,Total,United Kingdom,4135477.0
2119, 30-34,Total,United Kingdom,4260648.0
2119, 35-39,Total,United Kingdom,4344078.0
2119, 40-44,Total,United Kingdom,4378179.0
2119, 45-49,Total,United Kingdom,4366922.0
2119, 50-54,Total,United Kingdom,4332243.0
2119, 55-59,Total,United Kingdom,4314294.0
2119, 60-64,Total,United Kingdom,4345662.0
2119, 65-69,Total,United Kingdom,4412957.0
2119, 70-74,Total,United Kingdom,4411398.0
2119, 75-79,Total,United Kingdom,4200588.0
2119, 80-84,Total,United Kingdom,3757749.0
2119, 85-89,Total,United Kingdom,3174902.0
2119, 90-94,Total,United Kingdom,2379000.0
2119, 95-99,Total,United Kingdom,1302350.0
2119, 100 & over,Total,United Kingdom,432799.0
2119,All ages,Total,United Kingdom,76469052.0
2120,  0-4,Total,United Kingdom,3327548.0
2120,  5-9,Total,United Kingdom,3467202.0
2120, 10-14,Total,United Kingdom,3553451.0
2120, 15-19,Total,United Kingdom,3652451.0
2120, 20-24,Total,United Kingdom,3919907.0
2120, 25-29,Total,United Kingdom,4129411.0
2120, 30-34,Total,United Kingdom,4249050.0
2120, 35-39,Total,United Kingdom,4334946.0
2120, 40-44,Total,United Kingdom,4379311.0
2120, 45-49,Total,United Kingdom,4377413.0
2120, 50-54,Total,United Kingdom,4343022.0
2120, 55-59,Total,United Kingdom,4314566.0
2120, 60-64,Total,United Kingdom,4330285.0
2120, 65-69,Total,United Kingdom,4388715.0
2120, 70-74,Total,United Kingdom,4401520.0
2120, 75-79,Total,United Kingdom,4223414.0
2120, 80-84,Total,United Kingdom,3792811.0
2120, 85-89,Total,United Kingdom,3193016.0
2120, 90-94,Total,United Kingdom,2393683.0
2120, 95-99,Total,United Kingdom,1311237.0
2120, 100 & over,Total,United Kingdom,434401.0
2120,All ages,Total,United Kingdom,76517360.0
